filename,codec,setting,compressed_bytes,compression_ratio,bpp,psnr_full,ssim_full,psnr_roi,psnr_background,roi_lossless,encode_time_s,decode_time_s
MCUCXR_0001_0.png,JPEG,10,6055,43.2938,0.1848,33.2517,0.8831,32.5694,33.4939,False,0.066303,0.002999
MCUCXR_0001_0.png,JPEG,20,8499,30.8441,0.2594,36.7132,0.9381,35.829,37.0377,False,0.001264,0.000857
MCUCXR_0001_0.png,JPEG,30,10317,25.4089,0.3148,38.8693,0.9595,37.53,39.4007,False,0.001048,0.001287
MCUCXR_0001_0.png,JPEG,50,13622,19.2442,0.4157,40.9615,0.9722,39.5538,41.5268,False,0.000832,0.000881
MCUCXR_0001_0.png,JPEG,70,17838,14.6958,0.5444,42.8872,0.9618,41.4217,43.4819,False,0.00084,0.000891
MCUCXR_0001_0.png,JPEG,90,32365,8.0996,0.9877,47.0875,0.991,44.7787,48.1873,False,0.00093,0.0011
MCUCXR_0001_0.png,JPEG2000,5,52266,5.0156,1.595,50.8149,0.9953,49.7733,51.2075,False,0.116404,0.020415
MCUCXR_0001_0.png,JPEG2000,10,25930,10.1097,0.7913,46.8309,0.9898,44.7622,47.7704,False,0.024761,0.01201
MCUCXR_0001_0.png,JPEG2000,20,12926,20.2804,0.3945,43.841,0.9815,41.0919,45.2775,False,0.031629,0.008785
MCUCXR_0001_0.png,JPEG2000,40,6526,40.1692,0.1992,40.7118,0.9669,37.9301,42.1756,False,0.038801,0.006952
MCUCXR_0001_0.png,JPEG2000,80,3232,81.1089,0.0986,37.1018,0.9377,34.3852,38.5113,False,0.026404,0.005295
MCUCXR_0001_0.png,PNG,lossless,89309,2.9352,2.7255,inf,1.0,inf,inf,True,0.102064,0.007242
MCUCXR_0002_0.png,JPEG,10,5987,43.7855,0.1827,33.0451,0.8681,32.5158,33.1915,False,0.001867,0.001437
MCUCXR_0002_0.png,JPEG,20,8424,31.1187,0.2571,36.0786,0.9259,35.58,36.2158,False,0.001126,0.000919
MCUCXR_0002_0.png,JPEG,30,10659,24.5937,0.3253,37.885,0.9478,37.267,38.0583,False,0.000998,0.000682
MCUCXR_0002_0.png,JPEG,50,14229,18.4232,0.4342,40.026,0.9652,39.2432,40.2512,False,0.000848,0.000697
MCUCXR_0002_0.png,JPEG,70,19118,13.7119,0.5834,42.0007,0.9739,41.0143,42.2935,False,0.001365,0.001216
MCUCXR_0002_0.png,JPEG,90,36357,7.2103,1.1095,45.6999,0.9868,44.1871,46.1892,False,0.001646,0.001574
MCUCXR_0002_0.png,JPEG2000,5,52400,5.0027,1.5991,48.5692,0.9918,47.6085,48.8532,False,0.034811,0.019961
MCUCXR_0002_0.png,JPEG2000,10,26133,10.0311,0.7975,45.2047,0.9841,43.6306,45.7191,False,0.038289,0.012945
MCUCXR_0002_0.png,JPEG2000,20,13107,20.0003,0.4,42.5015,0.9744,40.2965,43.3063,False,0.040225,0.007958
MCUCXR_0002_0.png,JPEG2000,40,6569,39.9062,0.2005,39.3523,0.9543,36.8769,40.3021,False,0.024711,0.004078
MCUCXR_0002_0.png,JPEG2000,80,3236,81.0087,0.0988,35.938,0.9201,33.8582,36.6802,False,0.039334,0.004538
MCUCXR_0002_0.png,PNG,lossless,106914,2.4519,3.2628,inf,1.0,inf,inf,True,0.13268,0.006375
MCUCXR_0003_0.png,JPEG,10,6276,41.7693,0.1915,33.0185,0.8741,32.5045,33.2086,False,0.001181,0.001188
MCUCXR_0003_0.png,JPEG,20,8876,29.534,0.2709,36.2233,0.9302,35.6939,36.4197,False,0.001517,0.001854
MCUCXR_0003_0.png,JPEG,30,11066,23.6891,0.3377,38.3679,0.9536,37.5012,38.7079,False,0.001137,0.001228
MCUCXR_0003_0.png,JPEG,50,14615,17.9366,0.446,40.5891,0.9698,39.6029,40.984,False,0.001351,0.001432
MCUCXR_0003_0.png,JPEG,70,19195,13.6569,0.5858,42.8312,0.9771,41.511,43.3918,False,0.001505,0.001886
MCUCXR_0003_0.png,JPEG,90,34852,7.5216,1.0636,47.0025,0.991,44.9369,48.0131,False,0.001708,0.001862
MCUCXR_0003_0.png,JPEG2000,5,52375,5.0051,1.5984,50.4778,0.9949,49.3013,50.9648,False,0.029389,0.015613
MCUCXR_0003_0.png,JPEG2000,10,25938,10.1066,0.7916,46.5812,0.9892,44.549,47.5688,False,0.05332,0.018999
MCUCXR_0003_0.png,JPEG2000,20,13085,20.0339,0.3993,43.3961,0.98,41.0364,44.6227,False,0.043593,0.010587
MCUCXR_0003_0.png,JPEG2000,40,6545,40.0526,0.1997,39.7952,0.9599,37.359,41.0823,False,0.044315,0.009788
MCUCXR_0003_0.png,JPEG2000,80,3271,80.1419,0.0998,35.7388,0.9164,33.5185,36.8599,False,0.046054,0.00821
MCUCXR_0003_0.png,PNG,lossless,95849,2.735,2.9251,inf,1.0,inf,inf,True,0.173217,0.009058
MCUCXR_0004_0.png,JPEG,10,6080,43.1158,0.1855,33.6929,0.9117,32.0741,34.1365,False,0.001738,0.002234
MCUCXR_0004_0.png,JPEG,20,8170,32.0862,0.2493,36.7606,0.9468,35.41,37.1153,False,0.001346,0.001618
MCUCXR_0004_0.png,JPEG,30,9889,26.5086,0.3018,38.6703,0.9653,37.1714,39.0733,False,0.001356,0.002137
MCUCXR_0004_0.png,JPEG,50,12767,20.5329,0.3896,41.0078,0.9771,39.2058,41.5166,False,0.001373,0.001665
MCUCXR_0004_0.png,JPEG,70,16482,15.9049,0.503,42.8946,0.9387,41.138,43.3869,False,0.001488,0.001534
MCUCXR_0004_0.png,JPEG,90,28462,9.2103,0.8686,47.887,0.9943,44.5662,49.1183,False,0.001654,0.001942
MCUCXR_0004_0.png,JPEG2000,5,52338,5.0087,1.5972,56.613,0.9989,54.3682,57.2959,False,0.039376,0.03066
MCUCXR_0004_0.png,JPEG2000,10,26126,10.0338,0.7973,48.8477,0.9944,45.6394,50.0115,False,0.045466,0.023341
MCUCXR_0004_0.png,JPEG2000,20,13064,20.0661,0.3987,45.1715,0.9879,41.2599,46.8094,False,0.034671,0.012368
MCUCXR_0004_0.png,JPEG2000,40,6508,40.2803,0.1986,41.2919,0.9753,37.4282,42.8932,False,0.038298,0.009908
MCUCXR_0004_0.png,JPEG2000,80,3289,79.7033,0.1004,36.7909,0.9448,33.6466,37.9173,False,0.038326,0.007726
MCUCXR_0004_0.png,PNG,lossless,68994,3.7995,2.1055,inf,1.0,inf,inf,True,0.105949,0.005733
MCUCXR_0005_0.png,JPEG,10,6176,42.4456,0.1885,32.8887,0.8683,32.6978,32.9765,False,0.001332,0.001481
MCUCXR_0005_0.png,JPEG,20,8762,29.9183,0.2674,36.2421,0.9287,35.8551,36.4265,False,0.001783,0.001549
MCUCXR_0005_0.png,JPEG,30,10936,23.9707,0.3337,38.1492,0.9506,37.5833,38.4274,False,0.002452,0.003005
MCUCXR_0005_0.png,JPEG,50,14606,17.9477,0.4457,40.4076,0.9682,39.5898,40.8286,False,0.003091,0.002702
MCUCXR_0005_0.png,JPEG,70,19521,13.4288,0.5957,42.4128,0.9613,41.4446,42.9254,False,0.002424,0.002577
MCUCXR_0005_0.png,JPEG,90,35668,7.3496,1.0885,46.7284,0.9902,44.8667,47.9125,False,0.003593,0.002897
MCUCXR_0005_0.png,JPEG2000,5,51875,5.0534,1.5831,50.2469,0.9947,48.9284,50.9946,False,0.047103,0.031247
MCUCXR_0005_0.png,JPEG2000,10,26205,10.0036,0.7997,46.3397,0.9885,44.3207,47.6701,False,0.048666,0.019074
MCUCXR_0005_0.png,JPEG2000,20,13116,19.9866,0.4003,42.9458,0.9774,40.7463,44.4577,False,0.058349,0.015329
MCUCXR_0005_0.png,JPEG2000,40,6513,40.2493,0.1988,39.3831,0.9558,37.2536,40.823,False,0.053915,0.010845
MCUCXR_0005_0.png,JPEG2000,80,3271,80.1419,0.0998,35.7145,0.9177,33.9835,36.7844,False,0.046867,0.008102
MCUCXR_0005_0.png,PNG,lossless,94421,2.7763,2.8815,inf,1.0,inf,inf,True,0.191767,0.00766
MCUCXR_0006_0.png,JPEG,10,5832,44.9492,0.178,33.5298,0.8798,32.9118,33.7135,False,0.002156,0.001855
MCUCXR_0006_0.png,JPEG,20,7946,32.9907,0.2425,36.8508,0.9365,36.1094,37.0754,False,0.002099,0.00223
MCUCXR_0006_0.png,JPEG,30,9826,26.6786,0.2999,38.7369,0.9558,37.8379,39.0161,False,0.002402,0.003068
MCUCXR_0006_0.png,JPEG,50,12936,20.2647,0.3948,40.9552,0.9715,39.932,41.2794,False,0.003473,0.003988
MCUCXR_0006_0.png,JPEG,70,17266,15.1827,0.5269,43.0231,0.9793,41.7082,43.46,False,0.002762,0.002488
MCUCXR_0006_0.png,JPEG,90,32217,8.1368,0.9832,47.0775,0.9901,45.0442,47.8432,False,0.002694,0.004325
MCUCXR_0006_0.png,JPEG2000,5,52166,5.0252,1.592,50.6845,0.9945,50.2042,50.8242,False,0.049315,0.036671
MCUCXR_0006_0.png,JPEG2000,10,26202,10.0047,0.7996,47.0084,0.989,45.2288,47.6488,False,0.053505,0.01851
MCUCXR_0006_0.png,JPEG2000,20,12929,20.2757,0.3946,44.1672,0.9816,41.6542,45.2027,False,0.049272,0.014117
MCUCXR_0006_0.png,JPEG2000,40,6446,40.6677,0.1967,41.2703,0.9689,38.5413,42.4437,False,0.049246,0.009826
MCUCXR_0006_0.png,JPEG2000,80,3274,80.0684,0.0999,37.8785,0.9464,35.5512,38.804,False,0.052932,0.010388
MCUCXR_0006_0.png,PNG,lossless,96560,2.7148,2.9468,inf,1.0,inf,inf,True,0.24314,0.007205
MCUCXR_0008_0.png,JPEG,10,6377,41.1077,0.1946,32.7495,0.8633,32.4251,32.8796,False,0.0014,0.00237
MCUCXR_0008_0.png,JPEG,20,9057,28.9438,0.2764,35.7291,0.9211,35.4577,35.837,False,0.001805,0.001781
MCUCXR_0008_0.png,JPEG,30,11345,23.1066,0.3462,37.611,0.947,37.1288,37.8096,False,0.001983,0.00221
MCUCXR_0008_0.png,JPEG,50,15134,17.3215,0.4619,39.8703,0.9648,39.1741,40.1675,False,0.002488,0.002345
MCUCXR_0008_0.png,JPEG,70,20002,13.1059,0.6104,41.9719,0.9656,40.9982,42.4084,False,0.002055,0.002306
MCUCXR_0008_0.png,JPEG,90,35818,7.3188,1.0931,46.4634,0.9905,44.3457,47.6501,False,0.002644,0.002837
MCUCXR_0008_0.png,JPEG2000,5,51844,5.0564,1.5822,50.5093,0.9953,48.916,51.3113,False,0.054293,0.033103
MCUCXR_0008_0.png,JPEG2000,10,25732,10.1875,0.7853,46.3007,0.9889,43.9084,47.7247,False,0.052702,0.01953
MCUCXR_0008_0.png,JPEG2000,20,13033,20.1139,0.3977,42.6301,0.976,39.9685,44.3163,False,0.047044,0.012289
MCUCXR_0008_0.png,JPEG2000,40,6535,40.1138,0.1994,39.0302,0.9497,36.4456,40.6381,False,0.055435,0.014044
MCUCXR_0008_0.png,JPEG2000,80,3285,79.8003,0.1003,35.3826,0.9143,33.5907,36.3209,False,0.051619,0.009837
MCUCXR_0008_0.png,PNG,lossless,91458,2.8663,2.7911,inf,1.0,inf,inf,True,0.14489,0.007968
MCUCXR_0011_0.png,JPEG,10,6413,40.877,0.1957,32.9835,0.8862,32.1109,33.3406,False,0.001972,0.002304
MCUCXR_0011_0.png,JPEG,20,9095,28.8229,0.2776,36.3473,0.9394,35.2694,36.8045,False,0.002414,0.003015
MCUCXR_0011_0.png,JPEG,30,11279,23.2418,0.3442,38.1506,0.9582,36.9993,38.6453,False,0.002892,0.002418
MCUCXR_0011_0.png,JPEG,50,14923,17.5664,0.4554,40.506,0.9734,39.0927,41.1431,False,0.003858,0.002708
MCUCXR_0011_0.png,JPEG,70,19458,13.4723,0.5938,42.458,0.9563,40.9533,43.1479,False,0.002732,0.003069
MCUCXR_0011_0.png,JPEG,90,34356,7.6302,1.0485,46.9554,0.9922,44.4859,48.3321,False,0.002721,0.002832
MCUCXR_0011_0.png,JPEG2000,5,52060,5.0354,1.5887,51.3155,0.9963,49.9834,51.907,False,0.04324,0.031777
MCUCXR_0011_0.png,JPEG2000,10,25765,10.1744,0.7863,46.7852,0.9908,44.3088,48.1676,False,0.047308,0.019247
MCUCXR_0011_0.png,JPEG2000,20,12996,20.1711,0.3966,43.1233,0.9811,40.2868,44.8424,False,0.044483,0.011769
MCUCXR_0011_0.png,JPEG2000,40,6437,40.7246,0.1964,39.2244,0.9597,36.4159,40.9153,False,0.045612,0.011411
MCUCXR_0011_0.png,JPEG2000,80,3163,82.8783,0.0965,35.2825,0.9195,33.0323,36.4791,False,0.048291,0.008508
MCUCXR_0011_0.png,PNG,lossless,87124,3.0089,2.6588,inf,1.0,inf,inf,True,0.154081,0.008317
MCUCXR_0013_0.png,JPEG,10,5759,45.519,0.1758,33.4732,0.8813,32.6117,33.7504,False,0.002167,0.00164
MCUCXR_0013_0.png,JPEG,20,8033,32.6334,0.2451,36.7565,0.9359,35.744,37.0903,False,0.002614,0.002431
MCUCXR_0013_0.png,JPEG,30,10007,26.1961,0.3054,38.7204,0.9553,37.5625,39.1115,False,0.001995,0.002187
MCUCXR_0013_0.png,JPEG,50,13189,19.876,0.4025,40.8643,0.9709,39.5554,41.3177,False,0.002787,0.001895
MCUCXR_0013_0.png,JPEG,70,17529,14.9549,0.5349,42.9785,0.9779,41.4354,43.5348,False,0.00257,0.00208
MCUCXR_0013_0.png,JPEG,90,32689,8.0193,0.9976,46.8316,0.9897,44.8374,47.6108,False,0.002435,0.003835
MCUCXR_0013_0.png,JPEG2000,5,52330,5.0094,1.597,50.1533,0.994,49.6643,50.3017,False,0.048012,0.029435
MCUCXR_0013_0.png,JPEG2000,10,26112,10.0392,0.7969,46.5589,0.9882,44.7068,47.2641,False,0.052562,0.017927
MCUCXR_0013_0.png,JPEG2000,20,12966,20.2178,0.3957,43.707,0.9801,41.1043,44.8497,False,0.051567,0.014604
MCUCXR_0013_0.png,JPEG2000,40,6560,39.961,0.2002,40.7111,0.9662,37.9825,41.9399,False,0.051489,0.011697
MCUCXR_0013_0.png,JPEG2000,80,3226,81.2598,0.0984,37.2051,0.9382,34.691,38.2896,False,0.052239,0.00892
MCUCXR_0013_0.png,PNG,lossless,96400,2.7193,2.9419,inf,1.0,inf,inf,True,0.233821,0.007797
MCUCXR_0015_0.png,JPEG,10,6352,41.2695,0.1938,32.808,0.8609,32.3291,33.0285,False,0.001708,0.001665
MCUCXR_0015_0.png,JPEG,20,9144,28.6684,0.2791,36.025,0.9256,35.4832,36.2773,False,0.002758,0.002214
MCUCXR_0015_0.png,JPEG,30,11608,22.583,0.3542,37.8983,0.9485,37.1883,38.2389,False,0.00178,0.001607
MCUCXR_0015_0.png,JPEG,50,15496,16.9169,0.4729,40.0377,0.9665,39.15,40.4776,False,0.002211,0.001981
MCUCXR_0015_0.png,JPEG,70,20889,12.5494,0.6375,42.035,0.9709,40.9581,42.5878,False,0.002712,0.002713
MCUCXR_0015_0.png,JPEG,90,38885,6.7415,1.1867,45.9334,0.9886,44.2368,46.9187,False,0.002441,0.00241
MCUCXR_0015_0.png,JPEG2000,5,52431,4.9998,1.6001,48.7242,0.9929,47.6529,49.2736,False,0.056054,0.030113
MCUCXR_0015_0.png,JPEG2000,10,26201,10.0051,0.7996,45.1565,0.9856,43.4916,46.1171,False,0.06307,0.026737
MCUCXR_0015_0.png,JPEG2000,20,12966,20.2178,0.3957,41.7936,0.9728,39.7734,43.0521,False,0.062356,0.013862
MCUCXR_0015_0.png,JPEG2000,40,6518,40.2185,0.1989,38.4979,0.9493,36.4651,39.7678,False,0.054384,0.009155
MCUCXR_0015_0.png,JPEG2000,80,3275,80.044,0.0999,35.2502,0.9151,33.7577,36.0814,False,0.059512,0.009266
MCUCXR_0015_0.png,PNG,lossless,109436,2.3954,3.3397,inf,1.0,inf,inf,True,0.176745,0.007889
MCUCXR_0016_0.png,JPEG,10,5922,44.2661,0.1807,33.4291,0.8798,33.3436,33.4556,False,0.002082,0.001826
MCUCXR_0016_0.png,JPEG,20,8050,32.5645,0.2457,36.8024,0.9331,36.5104,36.8954,False,0.0018,0.001842
MCUCXR_0016_0.png,JPEG,30,9914,26.4418,0.3026,38.7653,0.9556,38.2613,38.9314,False,0.002192,0.00196
MCUCXR_0016_0.png,JPEG,50,13001,20.1634,0.3968,41.0931,0.9711,40.32,41.359,False,0.002264,0.002269
MCUCXR_0016_0.png,JPEG,70,17175,15.2631,0.5241,43.3237,0.9798,42.216,43.7264,False,0.002339,0.002121
MCUCXR_0016_0.png,JPEG,90,31308,8.3731,0.9554,47.7453,0.992,45.5996,48.6862,False,0.002758,0.003166
MCUCXR_0016_0.png,JPEG2000,5,52267,5.0155,1.5951,52.2531,0.9963,51.0806,52.6842,False,0.045021,0.030993
MCUCXR_0016_0.png,JPEG2000,10,25877,10.1304,0.7897,47.9093,0.9912,45.6398,48.9289,False,0.039577,0.017398
MCUCXR_0016_0.png,JPEG2000,20,13081,20.0401,0.3992,44.8016,0.9838,42.0195,46.1901,False,0.046068,0.014913
MCUCXR_0016_0.png,JPEG2000,40,6555,39.9915,0.2,41.554,0.9691,38.8533,42.8787,False,0.048871,0.012161
MCUCXR_0016_0.png,JPEG2000,80,3231,81.134,0.0986,37.6171,0.9407,35.5026,38.5388,False,0.045726,0.007147
MCUCXR_0016_0.png,PNG,lossless,86090,3.045,2.6273,inf,1.0,inf,inf,True,0.226761,0.00821
MCUCXR_0017_0.png,JPEG,10,6279,41.7493,0.1916,33.0225,0.882,32.0353,33.2317,False,0.00195,0.002448
MCUCXR_0017_0.png,JPEG,20,8490,30.8768,0.2591,36.0185,0.9335,35.0756,36.2171,False,0.00191,0.001975
MCUCXR_0017_0.png,JPEG,30,10392,25.2256,0.3171,37.9063,0.9561,36.7181,38.1658,False,0.002077,0.001772
MCUCXR_0017_0.png,JPEG,50,13376,19.5981,0.4082,40.3177,0.9717,38.7638,40.6766,False,0.002133,0.001778
MCUCXR_0017_0.png,JPEG,70,17100,15.3301,0.5219,42.4053,0.9504,40.5364,42.8587,False,0.002021,0.001872
MCUCXR_0017_0.png,JPEG,90,29679,8.8326,0.9057,47.6601,0.994,44.149,48.7918,False,0.002277,0.002892
MCUCXR_0017_0.png,JPEG2000,5,52418,5.001,1.5997,56.9735,0.999,54.4112,57.6702,False,0.04272,0.031034
MCUCXR_0017_0.png,JPEG2000,10,26229,9.9944,0.8004,48.8906,0.9942,45.3314,50.0484,False,0.043899,0.020266
MCUCXR_0017_0.png,JPEG2000,20,13073,20.0523,0.399,44.943,0.9867,40.7825,46.4681,False,0.038638,0.01349
MCUCXR_0017_0.png,JPEG2000,40,6536,40.1077,0.1995,40.4909,0.9648,36.4205,41.9555,False,0.040986,0.010457
MCUCXR_0017_0.png,JPEG2000,80,3270,80.1664,0.0998,35.9833,0.9263,32.9145,36.8949,False,0.039104,0.008438
MCUCXR_0017_0.png,PNG,lossless,70060,3.7417,2.1381,inf,1.0,inf,inf,True,0.104503,0.005881
MCUCXR_0019_0.png,JPEG,10,6164,42.5282,0.1881,33.1705,0.8729,33.1394,33.1831,False,0.001745,0.001767
MCUCXR_0019_0.png,JPEG,20,8397,31.2188,0.2563,36.6652,0.936,36.3082,36.8184,False,0.002245,0.002142
MCUCXR_0019_0.png,JPEG,30,10490,24.9899,0.3201,38.4758,0.9552,38.0562,38.6579,False,0.002103,0.001739
MCUCXR_0019_0.png,JPEG,50,13862,18.911,0.423,40.884,0.9723,40.1281,41.2316,False,0.002172,0.001919
MCUCXR_0019_0.png,JPEG,70,18276,14.3436,0.5577,42.9351,0.96,41.9717,43.3949,False,0.001923,0.001982
MCUCXR_0019_0.png,JPEG,90,32818,7.9878,1.0015,47.4716,0.9919,45.3939,48.7106,False,0.003423,0.002829
MCUCXR_0019_0.png,JPEG2000,5,52431,4.9998,1.6001,52.0003,0.9966,50.5292,52.7736,False,0.047747,0.031138
MCUCXR_0019_0.png,JPEG2000,10,26215,9.9998,0.8,47.4233,0.9908,45.1203,48.8678,False,0.042221,0.018546
MCUCXR_0019_0.png,JPEG2000,20,12904,20.3149,0.3938,44.0784,0.9816,41.5156,45.7875,False,0.042413,0.012751
MCUCXR_0019_0.png,JPEG2000,40,6564,39.9366,0.2003,40.8604,0.9658,38.407,42.4542,False,0.042347,0.009159
MCUCXR_0019_0.png,JPEG2000,80,3224,81.3102,0.0984,36.9726,0.9304,34.8839,38.2212,False,0.04408,0.007925
MCUCXR_0019_0.png,PNG,lossless,84524,3.1014,2.5795,inf,1.0,inf,inf,True,0.149607,0.00772
MCUCXR_0020_0.png,JPEG,10,6063,43.2367,0.185,33.2321,0.8718,32.9247,33.3537,False,0.001962,0.001626
MCUCXR_0020_0.png,JPEG,20,8420,31.1335,0.257,36.643,0.9329,36.1823,36.8298,False,0.002121,0.001771
MCUCXR_0020_0.png,JPEG,30,10588,24.7586,0.3231,38.478,0.9536,37.9386,38.6997,False,0.002044,0.001884
MCUCXR_0020_0.png,JPEG,50,14128,18.5549,0.4312,40.8269,0.9709,40.0251,41.1715,False,0.002057,0.001985
MCUCXR_0020_0.png,JPEG,70,18971,13.8181,0.5789,43.0046,0.9774,41.9643,43.471,False,0.001929,0.002013
MCUCXR_0020_0.png,JPEG,90,34878,7.516,1.0644,47.2673,0.9911,45.4355,48.2224,False,0.003305,0.003086
MCUCXR_0020_0.png,JPEG2000,5,52413,5.0015,1.5995,50.6527,0.995,49.951,50.9492,False,0.048416,0.029147
MCUCXR_0020_0.png,JPEG2000,10,26224,9.9963,0.8003,46.7987,0.9893,45.0426,47.7005,False,0.048729,0.018576
MCUCXR_0020_0.png,JPEG2000,20,13021,20.1324,0.3974,43.7836,0.9805,41.4304,45.1538,False,0.052856,0.014376
MCUCXR_0020_0.png,JPEG2000,40,6534,40.12,0.1994,40.5775,0.9642,38.3341,41.8527,False,0.048969,0.010337
MCUCXR_0020_0.png,JPEG2000,80,3239,80.9336,0.0988,36.7581,0.9317,34.944,37.7006,False,0.052276,0.010957
MCUCXR_0020_0.png,PNG,lossless,98291,2.667,2.9996,inf,1.0,inf,inf,True,0.199634,0.006444
MCUCXR_0021_0.png,JPEG,10,5709,45.9177,0.1742,33.5608,0.8962,32.6415,33.8948,False,0.001441,0.001151
MCUCXR_0021_0.png,JPEG,20,7780,33.6946,0.2374,36.8561,0.9429,35.8845,37.2122,False,0.001944,0.001917
MCUCXR_0021_0.png,JPEG,30,9534,27.4957,0.291,38.7753,0.9617,37.602,39.2203,False,0.001762,0.001904
MCUCXR_0021_0.png,JPEG,50,12419,21.1083,0.379,41.0649,0.9753,39.7454,41.5782,False,0.002475,0.002271
MCUCXR_0021_0.png,JPEG,70,16261,16.121,0.4962,42.9847,0.9478,41.6713,43.4951,False,0.004997,0.002898
MCUCXR_0021_0.png,JPEG,90,28779,9.1089,0.8783,47.991,0.9929,45.1373,49.489,False,0.00156,0.001987
MCUCXR_0021_0.png,JPEG2000,5,51946,5.0465,1.5853,53.9684,0.9977,51.8617,54.916,False,0.036984,0.028179
MCUCXR_0021_0.png,JPEG2000,10,26138,10.0292,0.7977,48.6381,0.993,45.7837,50.1368,False,0.03595,0.017997
MCUCXR_0021_0.png,JPEG2000,20,12914,20.2992,0.3941,45.1008,0.9857,41.7495,47.075,False,0.038461,0.013621
MCUCXR_0021_0.png,JPEG2000,40,6569,39.9062,0.2005,41.6121,0.9723,38.2076,43.6439,False,0.038081,0.010392
MCUCXR_0021_0.png,JPEG2000,80,3217,81.4871,0.0982,37.3416,0.9392,34.4152,38.9028,False,0.034002,0.006329
MCUCXR_0021_0.png,PNG,lossless,71960,3.6429,2.196,inf,1.0,inf,inf,True,0.121513,0.005488
MCUCXR_0022_0.png,JPEG,10,6298,41.6234,0.1922,32.9312,0.8531,32.8847,32.9621,False,0.001726,0.001559
MCUCXR_0022_0.png,JPEG,20,9068,28.9087,0.2767,36.2129,0.9182,35.9413,36.402,False,0.001463,0.001572
MCUCXR_0022_0.png,JPEG,30,11568,22.6611,0.353,38.0087,0.9431,37.6562,38.2582,False,0.001745,0.001747
MCUCXR_0022_0.png,JPEG,50,15826,16.5641,0.483,40.1583,0.9627,39.6169,40.5569,False,0.001854,0.002258
MCUCXR_0022_0.png,JPEG,70,21590,12.1419,0.6589,42.1977,0.9741,41.4204,42.7996,False,0.001773,0.001846
MCUCXR_0022_0.png,JPEG,90,40409,6.4873,1.2332,46.1059,0.9883,44.7741,47.2803,False,0.002226,0.002871
MCUCXR_0022_0.png,JPEG2000,5,52287,5.0136,1.5957,48.8267,0.9931,47.8331,49.6345,False,0.048964,0.030212
MCUCXR_0022_0.png,JPEG2000,10,26167,10.0181,0.7986,44.9671,0.9843,43.5605,46.2312,False,0.053271,0.01879
MCUCXR_0022_0.png,JPEG2000,20,13073,20.0523,0.399,41.7756,0.9694,40.204,43.25,False,0.062778,0.014844
MCUCXR_0022_0.png,JPEG2000,40,6497,40.3485,0.1983,38.6081,0.9433,37.0773,40.0289,False,0.052368,0.012071
MCUCXR_0022_0.png,JPEG2000,80,3270,80.1664,0.0998,35.6333,0.907,34.4212,36.6712,False,0.057198,0.010024
MCUCXR_0022_0.png,PNG,lossless,110092,2.3811,3.3597,inf,1.0,inf,inf,True,0.196408,0.009259
MCUCXR_0023_0.png,JPEG,10,6006,43.647,0.1833,33.4002,0.8665,32.8845,33.7602,False,0.001913,0.002142
MCUCXR_0023_0.png,JPEG,20,8437,31.0708,0.2575,36.6493,0.9257,36.0215,37.0979,False,0.002534,0.00329
MCUCXR_0023_0.png,JPEG,30,10644,24.6283,0.3248,38.4613,0.9478,37.646,39.0676,False,0.002556,0.002017
MCUCXR_0023_0.png,JPEG,50,14526,18.0465,0.4433,40.6396,0.9658,39.5901,41.4618,False,0.002289,0.002776
MCUCXR_0023_0.png,JPEG,70,19645,13.3441,0.5995,42.6222,0.9746,41.3479,43.6742,False,0.002221,0.002888
MCUCXR_0023_0.png,JPEG,90,36908,7.1026,1.1263,46.5547,0.9891,44.703,48.3293,False,0.002483,0.003324
MCUCXR_0023_0.png,JPEG2000,5,51922,5.0488,1.5845,49.6577,0.994,48.4724,50.6158,False,0.055985,0.030719
MCUCXR_0023_0.png,JPEG2000,10,26197,10.0066,0.7995,45.8984,0.9869,44.1182,47.5712,False,0.056466,0.01893
MCUCXR_0023_0.png,JPEG2000,20,13086,20.0324,0.3994,42.856,0.9754,40.8208,44.9123,False,0.056799,0.013741
MCUCXR_0023_0.png,JPEG2000,40,6564,39.9366,0.2003,39.9796,0.9569,37.9263,42.0653,False,0.050919,0.009161
MCUCXR_0023_0.png,JPEG2000,80,3276,80.0195,0.1,36.9246,0.9288,35.1181,38.6345,False,0.046034,0.007751
MCUCXR_0023_0.png,PNG,lossless,101755,2.5762,3.1053,inf,1.0,inf,inf,True,0.195259,0.009219
MCUCXR_0024_0.png,JPEG,10,5769,45.4401,0.1761,34.0901,0.9033,32.6818,34.4708,False,0.002188,0.001926
MCUCXR_0024_0.png,JPEG,20,7723,33.9433,0.2357,37.2306,0.9459,35.7735,37.6276,False,0.001785,0.002427
MCUCXR_0024_0.png,JPEG,30,9467,27.6903,0.2889,39.244,0.9644,37.576,39.714,False,0.00221,0.001981
MCUCXR_0024_0.png,JPEG,50,12258,21.3855,0.3741,41.6215,0.9778,39.6813,42.1934,False,0.001964,0.002405
MCUCXR_0024_0.png,JPEG,70,16092,16.2903,0.4911,43.5604,0.9604,41.6231,44.1313,False,0.002357,0.002354
MCUCXR_0024_0.png,JPEG,90,28479,9.2048,0.8691,48.1937,0.9933,45.0169,49.3639,False,0.00263,0.002072
MCUCXR_0024_0.png,JPEG2000,5,52361,5.0065,1.5979,54.9306,0.9979,54.2186,55.1035,False,0.041663,0.030528
MCUCXR_0024_0.png,JPEG2000,10,26029,10.0712,0.7943,48.912,0.9932,46.3453,49.7556,False,0.041554,0.019474
MCUCXR_0024_0.png,JPEG2000,20,13121,19.979,0.4004,45.489,0.9871,42.3693,46.6256,False,0.042834,0.013913
MCUCXR_0024_0.png,JPEG2000,40,6318,41.4916,0.1928,41.9849,0.9745,38.232,43.5388,False,0.039105,0.010385
MCUCXR_0024_0.png,JPEG2000,80,3285,79.8003,0.1003,38.5049,0.9536,35.079,39.8308,False,0.040033,0.008066
MCUCXR_0024_0.png,PNG,lossless,77347,3.3892,2.3604,inf,1.0,inf,inf,True,0.17507,0.006526
MCUCXR_0026_0.png,JPEG,10,5784,45.3223,0.1765,33.5503,0.8855,32.4182,33.8365,False,0.001699,0.002266
MCUCXR_0026_0.png,JPEG,20,7802,33.5996,0.2381,36.9283,0.951,35.5977,37.2752,False,0.001859,0.001544
MCUCXR_0026_0.png,JPEG,30,9320,28.127,0.2844,38.7312,0.9663,37.3854,39.0829,False,0.0025,0.002355
MCUCXR_0026_0.png,JPEG,50,12071,21.7168,0.3684,41.2977,0.9802,39.4897,41.8066,False,0.001827,0.001556
MCUCXR_0026_0.png,JPEG,70,15447,16.9705,0.4714,43.2169,0.9449,41.3646,43.742,False,0.002237,0.002313
MCUCXR_0026_0.png,JPEG,90,26310,9.9637,0.8029,48.6813,0.9948,44.8697,50.2359,False,0.002254,0.002123
MCUCXR_0026_0.png,JPEG2000,5,52191,5.0228,1.5927,64.3262,0.9998,68.579,63.7813,False,0.034352,0.027979
MCUCXR_0026_0.png,JPEG2000,10,26218,9.9986,0.8001,51.0927,0.9963,47.232,52.6838,False,0.038188,0.018992
MCUCXR_0026_0.png,JPEG2000,20,13113,19.9912,0.4002,46.4236,0.9901,42.0376,48.4561,False,0.037912,0.015119
MCUCXR_0026_0.png,JPEG2000,40,6481,40.4481,0.1978,42.4495,0.9778,38.0823,44.4643,False,0.03832,0.010514
MCUCXR_0026_0.png,JPEG2000,80,3287,79.7517,0.1003,38.1228,0.9496,34.4312,39.5911,False,0.039891,0.010129
MCUCXR_0026_0.png,PNG,lossless,61712,4.2479,1.8833,inf,1.0,inf,inf,True,0.11744,0.011196
MCUCXR_0027_0.png,JPEG,10,5844,44.8569,0.1783,33.5896,0.8947,32.4477,33.9757,False,0.001229,0.001316
MCUCXR_0027_0.png,JPEG,20,8080,32.4436,0.2466,36.8597,0.9437,35.6576,37.2702,False,0.001817,0.001637
MCUCXR_0027_0.png,JPEG,30,9959,26.3223,0.3039,38.8065,0.9614,37.4791,39.2694,False,0.002029,0.002245
MCUCXR_0027_0.png,JPEG,50,12972,20.2084,0.3959,41.1418,0.9759,39.6438,41.6798,False,0.002099,0.001853
MCUCXR_0027_0.png,JPEG,70,17084,15.3444,0.5214,43.0519,0.9488,41.5379,43.597,False,0.002169,0.00273
MCUCXR_0027_0.png,JPEG,90,30531,8.5862,0.9317,47.7624,0.9929,45.1546,48.9131,False,0.002359,0.002353
MCUCXR_0027_0.png,JPEG2000,5,52363,5.0063,1.598,52.6031,0.9969,51.006,53.1866,False,0.042995,0.030845
MCUCXR_0027_0.png,JPEG2000,10,26125,10.0342,0.7973,47.8941,0.9921,45.3404,49.0088,False,0.039136,0.017589
MCUCXR_0027_0.png,JPEG2000,20,13115,19.9881,0.4002,44.5742,0.9848,41.4606,46.1013,False,0.039684,0.01288
MCUCXR_0027_0.png,JPEG2000,40,6567,39.9184,0.2004,41.0298,0.9699,37.8931,42.5759,False,0.042388,0.009658
MCUCXR_0027_0.png,JPEG2000,80,3205,81.7922,0.0978,36.9811,0.939,34.162,38.2797,False,0.047632,0.008603
MCUCXR_0027_0.png,PNG,lossless,80148,3.2707,2.4459,inf,1.0,inf,inf,True,0.139718,0.007151
MCUCXR_0028_0.png,JPEG,10,5831,44.957,0.1779,33.6199,0.905,32.6632,33.8681,False,0.002504,0.002455
MCUCXR_0028_0.png,JPEG,20,7883,33.2543,0.2406,36.8037,0.9484,35.8161,37.0612,False,0.002115,0.00176
MCUCXR_0028_0.png,JPEG,30,9551,27.4468,0.2915,38.7134,0.965,37.6226,39.0023,False,0.002013,0.001817
MCUCXR_0028_0.png,JPEG,50,12370,21.1919,0.3775,41.147,0.9775,39.6621,41.5657,False,0.001784,0.001499
MCUCXR_0028_0.png,JPEG,70,16091,16.2913,0.4911,42.9816,0.944,41.5675,43.3758,False,0.002109,0.003057
MCUCXR_0028_0.png,JPEG,90,28177,9.3035,0.8599,48.1154,0.9936,45.0877,49.2351,False,0.00252,0.002391
MCUCXR_0028_0.png,JPEG2000,5,52396,5.0031,1.599,56.8016,0.9988,54.5547,57.5216,False,0.041314,0.032411
MCUCXR_0028_0.png,JPEG2000,10,26115,10.0381,0.797,49.4634,0.9942,46.4522,50.5736,False,0.041714,0.020325
MCUCXR_0028_0.png,JPEG2000,20,12682,20.6706,0.387,45.6846,0.9878,41.9019,47.3164,False,0.043515,0.014386
MCUCXR_0028_0.png,JPEG2000,40,6568,39.9123,0.2004,42.0133,0.9756,38.1325,43.7236,False,0.043042,0.01119
MCUCXR_0028_0.png,JPEG2000,80,3288,79.7275,0.1003,37.7245,0.9508,34.5208,38.9507,False,0.037704,0.010268
MCUCXR_0028_0.png,PNG,lossless,70222,3.7331,2.143,inf,1.0,inf,inf,True,0.157774,0.007904
MCUCXR_0029_0.png,JPEG,10,5635,46.5207,0.172,33.827,0.892,33.2528,34.0327,False,0.00324,0.0039
MCUCXR_0029_0.png,JPEG,20,7697,34.0579,0.2349,37.1239,0.9414,36.4368,37.3745,False,0.001272,0.001492
MCUCXR_0029_0.png,JPEG,30,9462,27.7049,0.2888,38.9818,0.9599,38.322,39.2214,False,0.00175,0.001482
MCUCXR_0029_0.png,JPEG,50,12295,21.3212,0.3752,41.3544,0.9749,40.4073,41.7151,False,0.002284,0.002369
MCUCXR_0029_0.png,JPEG,70,16154,16.2278,0.493,43.3113,0.9549,42.3446,43.6808,False,0.002701,0.002622
MCUCXR_0029_0.png,JPEG,90,29049,9.0242,0.8865,48.0758,0.9924,45.7579,49.215,False,0.001904,0.002302
MCUCXR_0029_0.png,JPEG2000,5,52120,5.0296,1.5906,53.0049,0.9968,51.412,53.685,False,0.043257,0.03046
MCUCXR_0029_0.png,JPEG2000,10,26064,10.0577,0.7954,48.421,0.9921,46.0094,49.6295,False,0.046128,0.021483
MCUCXR_0029_0.png,JPEG2000,20,13016,20.1401,0.3972,45.3546,0.9854,42.3387,47.0809,False,0.037254,0.011498
MCUCXR_0029_0.png,JPEG2000,40,6423,40.8133,0.196,41.8256,0.9719,38.7773,43.5838,False,0.044001,0.008414
MCUCXR_0029_0.png,JPEG2000,80,3291,79.6548,0.1004,38.1006,0.9481,35.6098,39.3697,False,0.043462,0.008477
MCUCXR_0029_0.png,PNG,lossless,78915,3.3219,2.4083,inf,1.0,inf,inf,True,0.187065,0.006588
MCUCXR_0030_0.png,JPEG,10,5952,44.043,0.1816,33.368,0.8682,32.7238,33.7686,False,0.002076,0.001558
MCUCXR_0030_0.png,JPEG,20,8440,31.0597,0.2576,36.7145,0.9261,35.8664,37.264,False,0.002326,0.002973
MCUCXR_0030_0.png,JPEG,30,10607,24.7142,0.3237,38.4923,0.948,37.5215,39.1375,False,0.002011,0.001925
MCUCXR_0030_0.png,JPEG,50,14401,18.2032,0.4395,40.6027,0.9658,39.4139,41.4304,False,0.002752,0.002572
MCUCXR_0030_0.png,JPEG,70,19468,13.4654,0.5941,42.4948,0.9713,41.1826,43.4336,False,0.002337,0.002472
MCUCXR_0030_0.png,JPEG,90,36514,7.1793,1.1143,46.4034,0.9888,44.563,47.8959,False,0.002831,0.003348
MCUCXR_0030_0.png,JPEG2000,5,52373,5.0053,1.5983,49.4925,0.9937,48.3861,50.2492,False,0.05567,0.032839
MCUCXR_0030_0.png,JPEG2000,10,26128,10.0331,0.7974,45.771,0.9866,44.0194,47.1605,False,0.047876,0.016504
MCUCXR_0030_0.png,JPEG2000,20,13087,20.0309,0.3994,42.7131,0.9755,40.6281,44.5151,False,0.053727,0.011354
MCUCXR_0030_0.png,JPEG2000,40,6542,40.0709,0.1996,39.6526,0.9558,37.6551,41.3394,False,0.051455,0.008634
MCUCXR_0030_0.png,JPEG2000,80,3258,80.4616,0.0994,36.5293,0.9262,34.7916,37.903,False,0.047674,0.008567
MCUCXR_0030_0.png,PNG,lossless,102726,2.5519,3.1349,inf,1.0,inf,inf,True,0.199068,0.009266
MCUCXR_0031_0.png,JPEG,10,6379,41.0948,0.1947,32.9007,0.855,32.6775,33.0289,False,0.0023,0.002287
MCUCXR_0031_0.png,JPEG,20,9234,28.389,0.2818,36.0962,0.9196,35.6927,36.336,False,0.003175,0.003494
MCUCXR_0031_0.png,JPEG,30,11707,22.3921,0.3573,37.9022,0.9436,37.386,38.2157,False,0.002337,0.002015
MCUCXR_0031_0.png,JPEG,50,15884,16.5037,0.4847,39.9879,0.9628,39.3096,40.4132,False,0.002366,0.002127
MCUCXR_0031_0.png,JPEG,70,21572,12.152,0.6583,41.9119,0.9717,41.0868,42.4447,False,0.001561,0.002722
MCUCXR_0031_0.png,JPEG,90,40574,6.4609,1.2382,45.7154,0.9875,44.4549,46.6082,False,0.002193,0.002552
MCUCXR_0031_0.png,JPEG2000,5,52404,5.0024,1.5992,48.4204,0.9923,47.5933,48.9546,False,0.057998,0.030973
MCUCXR_0031_0.png,JPEG2000,10,26030,10.0708,0.7944,44.5797,0.9833,43.1806,45.602,False,0.05233,0.018548
MCUCXR_0031_0.png,JPEG2000,20,13091,20.0247,0.3995,41.4439,0.9689,39.7745,42.7436,False,0.05826,0.014426
MCUCXR_0031_0.png,JPEG2000,40,6523,40.1876,0.1991,38.2836,0.944,36.7122,39.4786,False,0.058716,0.010377
MCUCXR_0031_0.png,JPEG2000,80,3276,80.0195,0.1,35.249,0.908,34.0026,36.1289,False,0.051615,0.007338
MCUCXR_0031_0.png,PNG,lossless,112512,2.3299,3.4336,inf,1.0,inf,inf,True,0.158873,0.007937
MCUCXR_0035_0.png,JPEG,10,6409,40.9025,0.1956,32.6467,0.8676,31.949,32.9343,False,0.002263,0.001975
MCUCXR_0035_0.png,JPEG,20,9118,28.7502,0.2783,35.8295,0.9313,35.0235,36.168,False,0.002652,0.002228
MCUCXR_0035_0.png,JPEG,30,11444,22.9067,0.3492,37.7168,0.9532,36.742,38.1384,False,0.002063,0.001799
MCUCXR_0035_0.png,JPEG,50,15077,17.387,0.4601,40.1081,0.9706,38.7648,40.7292,False,0.002163,0.001971
MCUCXR_0035_0.png,JPEG,70,19878,13.1876,0.6066,42.018,0.953,40.6032,42.681,False,0.002212,0.002268
MCUCXR_0035_0.png,JPEG,90,35130,7.4621,1.0721,46.6148,0.9917,44.0991,48.0929,False,0.002647,0.003468
MCUCXR_0035_0.png,JPEG2000,5,52417,5.0011,1.5996,51.2128,0.9963,49.547,52.0318,False,0.044446,0.028646
MCUCXR_0035_0.png,JPEG2000,10,25933,10.1085,0.7914,46.5469,0.9905,43.8977,48.152,False,0.046494,0.018951
MCUCXR_0035_0.png,JPEG2000,20,13039,20.1046,0.3979,42.6463,0.9786,39.7691,44.4868,False,0.048482,0.012617
MCUCXR_0035_0.png,JPEG2000,40,6419,40.8388,0.1959,38.7632,0.9535,35.8842,40.6057,False,0.043132,0.008631
MCUCXR_0035_0.png,JPEG2000,80,3263,80.3383,0.0996,35.0733,0.914,32.9861,36.1906,False,0.049697,0.009089
MCUCXR_0035_0.png,PNG,lossless,86623,3.0263,2.6435,inf,1.0,inf,inf,True,0.12136,0.006765
MCUCXR_0038_0.png,JPEG,10,6277,41.7626,0.1916,33.16,0.8753,31.9896,33.6998,False,0.001949,0.001684
MCUCXR_0038_0.png,JPEG,20,8868,29.5607,0.2706,36.3413,0.9381,35.2365,36.8448,False,0.002033,0.001703
MCUCXR_0038_0.png,JPEG,30,11049,23.7256,0.3372,38.299,0.957,37.017,38.9028,False,0.002128,0.002158
MCUCXR_0038_0.png,JPEG,50,14588,17.9698,0.4452,40.5677,0.9729,39.0134,41.3385,False,0.00228,0.002065
MCUCXR_0038_0.png,JPEG,70,19306,13.5784,0.5892,42.4052,0.9539,40.8807,43.157,False,0.002183,0.002592
MCUCXR_0038_0.png,JPEG,90,34628,7.5703,1.0568,46.6801,0.9917,44.2486,48.1286,False,0.002479,0.00245
MCUCXR_0038_0.png,JPEG2000,5,52350,5.0075,1.5976,50.9246,0.9961,49.496,51.6162,False,0.046128,0.028976
MCUCXR_0038_0.png,JPEG2000,10,26168,10.0177,0.7986,46.4304,0.9903,43.9912,47.886,False,0.044808,0.018593
MCUCXR_0038_0.png,JPEG2000,20,12972,20.2084,0.3959,42.5708,0.9785,39.8664,44.2875,False,0.044775,0.011368
MCUCXR_0038_0.png,JPEG2000,40,6526,40.1692,0.1992,39.1067,0.9585,36.6648,40.5648,False,0.044622,0.010225
MCUCXR_0038_0.png,JPEG2000,80,3267,80.24,0.0997,35.4693,0.921,33.3274,36.6666,False,0.04777,0.00963
MCUCXR_0038_0.png,PNG,lossless,88258,2.9702,2.6934,inf,1.0,inf,inf,True,0.118044,0.00712
MCUCXR_0040_0.png,JPEG,10,6331,41.4064,0.1932,32.6,0.8757,32.8087,32.5226,False,0.002408,0.001893
MCUCXR_0040_0.png,JPEG,20,8787,29.8332,0.2682,35.5788,0.9305,35.7582,35.5119,False,0.002033,0.001646
MCUCXR_0040_0.png,JPEG,30,11049,23.7256,0.3372,37.2983,0.9502,37.3755,37.2691,False,0.00205,0.001849
MCUCXR_0040_0.png,JPEG,50,14700,17.8329,0.4486,39.5483,0.9669,39.2561,39.6658,False,0.002284,0.001893
MCUCXR_0040_0.png,JPEG,70,19710,13.3001,0.6015,41.5504,0.9499,40.9825,41.7896,False,0.002238,0.002332
MCUCXR_0040_0.png,JPEG,90,35759,7.3309,1.0913,46.0574,0.9893,44.2711,47.0003,False,0.001663,0.001842
MCUCXR_0040_0.png,JPEG2000,5,52211,5.0209,1.5934,50.12,0.9949,48.4817,50.9595,False,0.044249,0.025583
MCUCXR_0040_0.png,JPEG2000,10,26172,10.0162,0.7987,46.0452,0.9881,43.8441,47.3129,False,0.045114,0.016675
MCUCXR_0040_0.png,JPEG2000,20,13067,20.0615,0.3988,42.6361,0.9761,40.3427,43.9841,False,0.044421,0.010426
MCUCXR_0040_0.png,JPEG2000,40,6507,40.2865,0.1986,39.2135,0.953,36.8751,40.6018,False,0.044673,0.007716
MCUCXR_0040_0.png,JPEG2000,80,3192,82.1253,0.0974,34.7078,0.8717,33.8868,35.0691,False,0.04393,0.006432
MCUCXR_0040_0.png,PNG,lossless,91585,2.8623,2.795,inf,1.0,inf,inf,True,0.100426,0.007124
MCUCXR_0041_0.png,JPEG,10,5651,46.389,0.1725,34.2668,0.8943,33.3165,34.4957,False,0.001297,0.001159
MCUCXR_0041_0.png,JPEG,20,7455,35.1635,0.2275,37.4492,0.9317,36.6338,37.6417,False,0.001703,0.001268
MCUCXR_0041_0.png,JPEG,30,9032,29.0239,0.2756,39.5655,0.9567,38.3929,39.8577,False,0.00134,0.0011
MCUCXR_0041_0.png,JPEG,50,11600,22.5986,0.354,41.9584,0.9708,40.4597,42.3513,False,0.001559,0.001525
MCUCXR_0041_0.png,JPEG,70,15095,17.3663,0.4607,43.7879,0.9506,42.2963,44.1785,False,0.001461,0.002028
MCUCXR_0041_0.png,JPEG,90,26836,9.7684,0.819,48.7189,0.9937,45.78,49.7046,False,0.002207,0.001584
MCUCXR_0041_0.png,JPEG2000,5,52255,5.0166,1.5947,57.1679,0.9989,54.5873,57.9789,False,0.034842,0.027141
MCUCXR_0041_0.png,JPEG2000,10,26043,10.0658,0.7948,50.19,0.9946,47.0526,51.2821,False,0.034749,0.015991
MCUCXR_0041_0.png,JPEG2000,20,13098,20.014,0.3997,46.2902,0.988,42.8284,47.5737,False,0.037224,0.012882
MCUCXR_0041_0.png,JPEG2000,40,6516,40.2308,0.1989,42.7316,0.974,39.4186,43.9245,False,0.037381,0.00899
MCUCXR_0041_0.png,JPEG2000,80,3212,81.6139,0.098,38.7537,0.9457,35.8052,39.7443,False,0.035607,0.008185
MCUCXR_0041_0.png,PNG,lossless,68692,3.8162,2.0963,inf,1.0,inf,inf,True,0.106967,0.006042
MCUCXR_0042_0.png,JPEG,10,5859,44.7421,0.1788,33.7689,0.9195,31.9987,34.1606,False,0.001805,0.001436
MCUCXR_0042_0.png,JPEG,20,7764,33.764,0.2369,36.7601,0.9452,34.9163,37.1728,False,0.001589,0.001963
MCUCXR_0042_0.png,JPEG,30,9367,27.9859,0.2859,38.6749,0.9653,36.6499,39.1412,False,0.001992,0.001633
MCUCXR_0042_0.png,JPEG,50,11934,21.9661,0.3642,40.9885,0.9761,38.6021,41.571,False,0.002472,0.001786
MCUCXR_0042_0.png,JPEG,70,15172,17.2781,0.463,42.7335,0.9295,40.4121,43.2942,False,0.002071,0.001776
MCUCXR_0042_0.png,JPEG,90,25964,10.0964,0.7924,48.0762,0.9947,44.003,49.422,False,0.002157,0.001996
MCUCXR_0042_0.png,JPEG2000,5,52383,5.0044,1.5986,67.3538,0.9999,70.4473,66.9902,False,0.041324,0.037761
MCUCXR_0042_0.png,JPEG2000,10,26027,10.072,0.7943,50.1966,0.9958,46.1877,51.5044,False,0.037052,0.016763
MCUCXR_0042_0.png,JPEG2000,20,13074,20.0508,0.399,46.1296,0.99,41.3744,47.9401,False,0.032432,0.013412
MCUCXR_0042_0.png,JPEG2000,40,6565,39.9305,0.2003,41.8105,0.9772,37.192,43.5176,False,0.034184,0.009833
MCUCXR_0042_0.png,JPEG2000,80,3289,79.7033,0.1004,37.2308,0.9514,33.1773,38.5647,False,0.033805,0.007258
MCUCXR_0042_0.png,PNG,lossless,59435,4.4106,1.8138,inf,1.0,inf,inf,True,0.074168,0.006052
MCUCXR_0043_0.png,JPEG,10,5991,43.7563,0.1828,33.3581,0.8764,32.2969,33.6692,False,0.001902,0.001474
MCUCXR_0043_0.png,JPEG,20,8403,31.1965,0.2564,36.6685,0.9345,35.3524,37.0705,False,0.001858,0.001517
MCUCXR_0043_0.png,JPEG,30,10533,24.8879,0.3214,38.5632,0.9552,37.0635,39.0354,False,0.001979,0.001789
MCUCXR_0043_0.png,JPEG,50,13917,18.8362,0.4247,40.8148,0.9719,39.1579,41.3504,False,0.002134,0.003101
MCUCXR_0043_0.png,JPEG,70,18507,14.1646,0.5648,42.8698,0.9761,41.041,43.4785,False,0.00219,0.002035
MCUCXR_0043_0.png,JPEG,90,34013,7.7072,1.038,47.0395,0.991,44.4623,48.0214,False,0.003201,0.002403
MCUCXR_0043_0.png,JPEG2000,5,51959,5.0452,1.5857,50.4111,0.9948,49.8344,50.5679,False,0.044975,0.026171
MCUCXR_0043_0.png,JPEG2000,10,26223,9.9967,0.8003,46.6628,0.9894,44.6944,47.3341,False,0.046375,0.017532
MCUCXR_0043_0.png,JPEG2000,20,13075,20.0493,0.399,43.5051,0.9809,40.599,44.6851,False,0.043697,0.011897
MCUCXR_0043_0.png,JPEG2000,40,6569,39.9062,0.2005,40.32,0.9658,37.4058,41.5053,False,0.045222,0.009053
MCUCXR_0043_0.png,JPEG2000,80,3208,81.7157,0.0979,36.7692,0.9337,33.9995,37.8641,False,0.044869,0.007571
MCUCXR_0043_0.png,PNG,lossless,97639,2.6848,2.9797,inf,1.0,inf,inf,True,0.189823,0.007443
MCUCXR_0044_0.png,JPEG,10,6102,42.9603,0.1862,32.6092,0.8757,32.4703,32.6616,False,0.001708,0.001792
MCUCXR_0044_0.png,JPEG,20,8791,29.8196,0.2683,36.2589,0.934,35.6719,36.4972,False,0.002012,0.001718
MCUCXR_0044_0.png,JPEG,30,10859,24.1407,0.3314,38.3132,0.9552,37.3878,38.7115,False,0.001775,0.001499
MCUCXR_0044_0.png,JPEG,50,14515,18.0602,0.443,40.4774,0.9708,39.4361,40.935,False,0.002284,0.002434
MCUCXR_0044_0.png,JPEG,70,19281,13.596,0.5884,42.6447,0.9711,41.3217,43.2567,False,0.002748,0.001846
MCUCXR_0044_0.png,JPEG,90,34667,7.5618,1.058,46.9557,0.9911,44.7916,48.1383,False,0.002446,0.002612
MCUCXR_0044_0.png,JPEG2000,5,51909,5.0501,1.5841,50.8038,0.9954,49.5117,51.398,False,0.045406,0.028434
MCUCXR_0044_0.png,JPEG2000,10,26015,10.0766,0.7939,46.6477,0.9895,44.5141,47.8061,False,0.044485,0.017482
MCUCXR_0044_0.png,JPEG2000,20,13118,19.9835,0.4003,43.4191,0.9803,40.881,44.9252,False,0.044283,0.012659
MCUCXR_0044_0.png,JPEG2000,40,6568,39.9123,0.2004,39.9496,0.9614,37.4664,41.4048,False,0.04177,0.00891
MCUCXR_0044_0.png,JPEG2000,80,3258,80.4616,0.0994,36.4501,0.926,34.1469,37.7472,False,0.044636,0.006843
MCUCXR_0044_0.png,PNG,lossless,92840,2.8236,2.8333,inf,1.0,inf,inf,True,0.167723,0.007511
MCUCXR_0045_0.png,JPEG,10,5779,45.3615,0.1764,33.9623,0.8692,32.886,34.4436,False,0.002263,0.001552
MCUCXR_0045_0.png,JPEG,20,8135,32.2242,0.2483,37.2441,0.9302,35.9653,37.8376,False,0.00203,0.002424
MCUCXR_0045_0.png,JPEG,30,10183,25.7433,0.3108,39.0225,0.952,37.6733,39.6569,False,0.002714,0.001919
MCUCXR_0045_0.png,JPEG,50,13625,19.2399,0.4158,41.0956,0.9689,39.6082,41.8135,False,0.002356,0.00211
MCUCXR_0045_0.png,JPEG,70,18356,14.2811,0.5602,42.9659,0.9669,41.414,43.7243,False,0.002062,0.001943
MCUCXR_0045_0.png,JPEG,90,34456,7.6081,1.0515,46.8459,0.9899,44.7563,47.984,False,0.002373,0.002285
MCUCXR_0045_0.png,JPEG2000,5,52379,5.0048,1.5985,50.2555,0.9947,49.5781,50.538,False,0.047226,0.026735
MCUCXR_0045_0.png,JPEG2000,10,26183,10.012,0.799,46.3941,0.9884,44.4637,47.4112,False,0.045139,0.016748
MCUCXR_0045_0.png,JPEG2000,20,13066,20.0631,0.3987,43.4352,0.9789,41.103,44.7736,False,0.047927,0.01168
MCUCXR_0045_0.png,JPEG2000,40,6562,39.9488,0.2003,40.4585,0.9628,38.1906,41.7418,False,0.045716,0.008517
MCUCXR_0045_0.png,JPEG2000,80,3267,80.24,0.0997,37.5393,0.9371,35.408,38.7104,False,0.045058,0.007456
MCUCXR_0045_0.png,PNG,lossless,98370,2.6649,3.002,inf,1.0,inf,inf,True,0.174741,0.00748
MCUCXR_0046_0.png,JPEG,10,6585,39.8093,0.201,32.6257,0.8673,32.2372,32.7843,False,0.001825,0.001413
MCUCXR_0046_0.png,JPEG,20,9291,28.2148,0.2835,35.7299,0.9224,35.4914,35.8249,False,0.001934,0.001699
MCUCXR_0046_0.png,JPEG,30,11667,22.4688,0.356,37.6649,0.9483,37.2515,37.8345,False,0.002551,0.001862
MCUCXR_0046_0.png,JPEG,50,15557,16.8505,0.4748,39.9629,0.966,39.2672,40.2623,False,0.00205,0.002067
MCUCXR_0046_0.png,JPEG,70,20714,12.6554,0.6321,42.1947,0.9697,41.1775,42.6581,False,0.00278,0.00278
MCUCXR_0046_0.png,JPEG,90,37085,7.0687,1.1317,46.6882,0.9912,44.7309,47.7577,False,0.002226,0.002495
MCUCXR_0046_0.png,JPEG2000,5,51876,5.0533,1.5831,50.3035,0.9953,48.9388,50.9664,False,0.047925,0.028285
MCUCXR_0046_0.png,JPEG2000,10,25997,10.0836,0.7934,46.2222,0.9891,44.0218,47.4885,False,0.047596,0.017224
MCUCXR_0046_0.png,JPEG2000,20,13088,20.0293,0.3994,42.4314,0.9761,39.9517,43.9507,False,0.044456,0.011423
MCUCXR_0046_0.png,JPEG2000,40,6523,40.1876,0.1991,38.7648,0.9506,36.4567,40.1252,False,0.052243,0.010081
MCUCXR_0046_0.png,JPEG2000,80,3285,79.8003,0.1003,35.1475,0.9054,33.3704,36.0832,False,0.050785,0.007768
MCUCXR_0046_0.png,PNG,lossless,96073,2.7286,2.9319,inf,1.0,inf,inf,True,0.180469,0.009028
MCUCXR_0047_0.png,JPEG,10,6029,43.4805,0.184,33.2112,0.8878,32.7607,33.3754,False,0.002152,0.001691
MCUCXR_0047_0.png,JPEG,20,8314,31.5304,0.2537,36.4079,0.937,35.9877,36.5603,False,0.002048,0.001735
MCUCXR_0047_0.png,JPEG,30,10175,25.7635,0.3105,38.3603,0.9574,37.7688,38.5809,False,0.002049,0.002217
MCUCXR_0047_0.png,JPEG,50,13440,19.5048,0.4102,40.672,0.9723,39.758,41.0318,False,0.002233,0.002576
MCUCXR_0047_0.png,JPEG,70,17667,14.8381,0.5392,42.8079,0.9597,41.7085,43.2549,False,0.002312,0.001966
MCUCXR_0047_0.png,JPEG,90,31792,8.2456,0.9702,47.5333,0.9922,45.1817,48.7476,False,0.002337,0.002143
MCUCXR_0047_0.png,JPEG2000,5,52292,5.0131,1.5958,52.2892,0.9967,50.628,53.0371,False,0.043004,0.03171
MCUCXR_0047_0.png,JPEG2000,10,26177,10.0143,0.7989,47.6739,0.9915,45.2277,48.9628,False,0.042875,0.017662
MCUCXR_0047_0.png,JPEG2000,20,13006,20.1556,0.3969,44.2494,0.9829,41.2825,46.0064,False,0.042333,0.012496
MCUCXR_0047_0.png,JPEG2000,40,6559,39.9671,0.2002,40.7779,0.967,37.959,42.3907,False,0.042162,0.009066
MCUCXR_0047_0.png,JPEG2000,80,3275,80.044,0.0999,36.976,0.9352,34.5051,38.2847,False,0.04021,0.0075
MCUCXR_0047_0.png,PNG,lossless,82040,3.1953,2.5037,inf,1.0,inf,inf,True,0.194886,0.006361
MCUCXR_0048_0.png,JPEG,10,5610,46.728,0.1712,33.8795,0.9133,32.4235,34.3202,False,0.001959,0.001601
MCUCXR_0048_0.png,JPEG,20,7546,34.7395,0.2303,37.136,0.9529,35.6489,37.5884,False,0.002042,0.001697
MCUCXR_0048_0.png,JPEG,30,9134,28.6998,0.2787,39.2392,0.9688,37.4572,39.8087,False,0.002068,0.00184
MCUCXR_0048_0.png,JPEG,50,11660,22.4823,0.3558,41.5612,0.9806,39.6716,42.1763,False,0.001945,0.002345
MCUCXR_0048_0.png,JPEG,70,15044,17.4252,0.4591,43.4352,0.9449,41.6637,44.0003,False,0.00201,0.001738
MCUCXR_0048_0.png,JPEG,90,26062,10.0585,0.7953,48.7497,0.9946,45.3103,50.2531,False,0.002786,0.00213
MCUCXR_0048_0.png,JPEG2000,5,52299,5.0124,1.596,60.0094,0.9994,60.0319,60.004,False,0.034394,0.027277
MCUCXR_0048_0.png,JPEG2000,10,26219,9.9982,0.8001,50.7483,0.9958,47.2601,52.2888,False,0.035097,0.01807
MCUCXR_0048_0.png,JPEG2000,20,13081,20.0401,0.3992,46.1438,0.9898,42.2634,48.013,False,0.038316,0.014053
MCUCXR_0048_0.png,JPEG2000,40,6530,40.1446,0.1993,42.469,0.9786,38.2731,44.6468,False,0.034241,0.010128
MCUCXR_0048_0.png,JPEG2000,80,3212,81.6139,0.098,38.0763,0.9541,34.2064,39.936,False,0.041989,0.008498
MCUCXR_0048_0.png,PNG,lossless,64542,4.0616,1.9697,inf,1.0,inf,inf,True,0.120683,0.006031
MCUCXR_0049_0.png,JPEG,10,5879,44.5899,0.1794,33.6264,0.9011,32.5779,34.0028,False,0.002289,0.00161
MCUCXR_0049_0.png,JPEG,20,7959,32.9368,0.2429,36.8331,0.9463,35.7177,37.2381,False,0.002168,0.001646
MCUCXR_0049_0.png,JPEG,30,9737,26.9225,0.2971,38.7698,0.963,37.5436,39.2235,False,0.001807,0.002005
MCUCXR_0049_0.png,JPEG,50,12732,20.5894,0.3885,41.0526,0.9762,39.6089,41.6073,False,0.002407,0.001699
MCUCXR_0049_0.png,JPEG,70,16621,15.7719,0.5072,42.8719,0.9432,41.5169,43.3845,False,0.002135,0.001889
MCUCXR_0049_0.png,JPEG,90,29449,8.9016,0.8987,47.8145,0.9932,45.0061,49.2196,False,0.002325,0.002396
MCUCXR_0049_0.png,JPEG2000,5,52203,5.0216,1.5931,53.8096,0.9978,51.7473,54.6969,False,0.041272,0.035391
MCUCXR_0049_0.png,JPEG2000,10,26180,10.0131,0.799,48.4502,0.9933,45.485,49.9854,False,0.039396,0.019422
MCUCXR_0049_0.png,JPEG2000,20,13087,20.0309,0.3994,44.8703,0.9856,41.4635,46.8232,False,0.038871,0.011767
MCUCXR_0049_0.png,JPEG2000,40,6549,40.0281,0.1999,41.3891,0.9718,37.9725,43.3522,False,0.039695,0.01195
MCUCXR_0049_0.png,JPEG2000,80,3265,80.2891,0.0996,37.4123,0.9434,34.4222,38.9689,False,0.041811,0.008062
MCUCXR_0049_0.png,PNG,lossless,73733,3.5553,2.2502,inf,1.0,inf,inf,True,0.128796,0.006237
MCUCXR_0051_0.png,JPEG,10,6096,43.0026,0.186,32.9495,0.866,32.7574,33.0538,False,0.002296,0.001712
MCUCXR_0051_0.png,JPEG,20,8741,29.9902,0.2668,36.2138,0.9279,35.8549,36.4146,False,0.002224,0.002109
MCUCXR_0051_0.png,JPEG,30,11046,23.732,0.3371,38.056,0.9505,37.6017,38.3147,False,0.001872,0.001933
MCUCXR_0051_0.png,JPEG,50,14836,17.6695,0.4528,40.3429,0.9683,39.652,40.7544,False,0.00188,0.001762
MCUCXR_0051_0.png,JPEG,70,19882,13.185,0.6068,42.4919,0.9771,41.498,43.1209,False,0.002072,0.001801
MCUCXR_0051_0.png,JPEG,90,36739,7.1353,1.1212,46.7203,0.9902,44.913,48.0907,False,0.00239,0.002403
MCUCXR_0051_0.png,JPEG2000,5,52155,5.0262,1.5916,50.0839,0.9946,48.8797,50.8801,False,0.046393,0.027364
MCUCXR_0051_0.png,JPEG2000,10,25877,10.1304,0.7897,46.0675,0.9878,44.1473,47.5642,False,0.046454,0.017069
MCUCXR_0051_0.png,JPEG2000,20,13121,19.979,0.4004,42.8632,0.9771,40.7023,44.6548,False,0.048702,0.012491
MCUCXR_0051_0.png,JPEG2000,40,6484,40.4294,0.1979,39.4414,0.9561,37.4467,41.0256,False,0.0469,0.009134
MCUCXR_0051_0.png,JPEG2000,80,3285,79.8003,0.1003,36.1537,0.9217,34.2886,37.588,False,0.043832,0.007058
MCUCXR_0051_0.png,PNG,lossless,99814,2.6263,3.0461,inf,1.0,inf,inf,True,0.180086,0.006615
MCUCXR_0052_0.png,JPEG,10,5464,47.9766,0.1667,33.8721,0.9045,32.4742,34.1631,False,0.001685,0.001325
MCUCXR_0052_0.png,JPEG,20,7344,35.695,0.2241,37.1556,0.9499,35.5567,37.4987,False,0.001969,0.00183
MCUCXR_0052_0.png,JPEG,30,8908,29.4279,0.2719,39.2592,0.9664,37.3758,39.6816,False,0.002208,0.001821
MCUCXR_0052_0.png,JPEG,50,11466,22.8627,0.3499,41.5986,0.9786,39.436,42.1056,False,0.001784,0.001528
MCUCXR_0052_0.png,JPEG,70,14814,17.6957,0.4521,43.4156,0.9448,41.4138,43.873,False,0.001987,0.001977
MCUCXR_0052_0.png,JPEG,90,26255,9.9845,0.8012,48.2077,0.9931,44.8512,49.1716,False,0.002287,0.002392
MCUCXR_0052_0.png,JPEG2000,5,52444,4.9986,1.6005,55.665,0.9981,54.5362,55.8908,False,0.036182,0.026656
MCUCXR_0052_0.png,JPEG2000,10,25776,10.1701,0.7866,49.4986,0.9937,46.6209,50.2581,False,0.037006,0.01827
MCUCXR_0052_0.png,JPEG2000,20,12997,20.1696,0.3966,45.9561,0.9881,42.1858,47.1252,False,0.039425,0.011695
MCUCXR_0052_0.png,JPEG2000,40,6316,41.5047,0.1927,42.2428,0.9766,38.1075,43.6195,False,0.037423,0.009502
MCUCXR_0052_0.png,JPEG2000,80,3249,80.6845,0.0992,38.4785,0.9555,34.7512,39.6249,False,0.037059,0.007436
MCUCXR_0052_0.png,PNG,lossless,71750,3.6536,2.1896,inf,1.0,inf,inf,True,0.162728,0.005873
MCUCXR_0053_0.png,JPEG,10,5535,47.3612,0.1689,33.6135,0.8983,32.5361,33.8622,False,0.00165,0.001296
MCUCXR_0053_0.png,JPEG,20,7475,35.0694,0.2281,36.9343,0.9462,35.6609,37.237,False,0.002004,0.001646
MCUCXR_0053_0.png,JPEG,30,9131,28.7092,0.2787,38.8458,0.9639,37.5051,39.1678,False,0.002064,0.002042
MCUCXR_0053_0.png,JPEG,50,11735,22.3386,0.3581,41.186,0.9768,39.4857,41.6181,False,0.002079,0.001748
MCUCXR_0053_0.png,JPEG,70,15378,17.0467,0.4693,43.088,0.947,41.3986,43.5166,False,0.002029,0.001933
MCUCXR_0053_0.png,JPEG,90,27681,9.4702,0.8448,47.9566,0.9926,44.8513,48.9604,False,0.002474,0.002312
MCUCXR_0053_0.png,JPEG2000,5,52022,5.0391,1.5876,54.1435,0.9974,53.0014,54.4097,False,0.04152,0.026864
MCUCXR_0053_0.png,JPEG2000,10,26131,10.0319,0.7975,48.8206,0.9928,46.0732,49.6529,False,0.042424,0.017256
MCUCXR_0053_0.png,JPEG2000,20,12877,20.3575,0.393,45.3564,0.9865,41.8284,46.5922,False,0.039594,0.012524
MCUCXR_0053_0.png,JPEG2000,40,6435,40.7372,0.1964,41.8197,0.9738,37.933,43.2826,False,0.038334,0.008543
MCUCXR_0053_0.png,JPEG2000,80,3263,80.3383,0.0996,37.8849,0.9494,34.5348,39.0187,False,0.037997,0.008449
MCUCXR_0053_0.png,PNG,lossless,75372,3.478,2.3002,inf,1.0,inf,inf,True,0.157771,0.007512
MCUCXR_0054_0.png,JPEG,10,6168,42.5006,0.1882,33.3028,0.8859,32.5561,33.5652,False,0.001903,0.002126
MCUCXR_0054_0.png,JPEG,20,8379,31.2858,0.2557,36.3129,0.9357,35.747,36.5061,False,0.002253,0.001947
MCUCXR_0054_0.png,JPEG,30,10401,25.2037,0.3174,38.2385,0.9571,37.472,38.5086,False,0.001922,0.001662
MCUCXR_0054_0.png,JPEG,50,13664,19.185,0.417,40.4755,0.971,39.4898,40.8359,False,0.002146,0.002466
MCUCXR_0054_0.png,JPEG,70,18231,14.379,0.5564,42.6339,0.9676,41.3606,43.1228,False,0.002214,0.002323
MCUCXR_0054_0.png,JPEG,90,32925,7.9619,1.0048,47.2797,0.9919,44.8213,48.4596,False,0.002208,0.00234
MCUCXR_0054_0.png,JPEG2000,5,52068,5.0346,1.589,51.7546,0.9962,50.4123,52.2762,False,0.04359,0.02755
MCUCXR_0054_0.png,JPEG2000,10,26154,10.0231,0.7982,47.3576,0.991,45.0489,48.4326,False,0.043445,0.017874
MCUCXR_0054_0.png,JPEG2000,20,13108,19.9988,0.4,43.9599,0.9821,41.0125,45.5308,False,0.044298,0.012287
MCUCXR_0054_0.png,JPEG2000,40,6456,40.6047,0.197,40.2058,0.964,37.391,41.6626,False,0.04236,0.010233
MCUCXR_0054_0.png,JPEG2000,80,3267,80.24,0.0997,36.5448,0.9288,33.9292,37.842,False,0.044648,0.008178
MCUCXR_0054_0.png,PNG,lossless,88616,2.9582,2.7043,inf,1.0,inf,inf,True,0.176063,0.007062
MCUCXR_0055_0.png,JPEG,10,6315,41.5113,0.1927,32.8896,0.8675,32.3737,33.0803,False,0.001864,0.001894
MCUCXR_0055_0.png,JPEG,20,8972,29.218,0.2738,36.2118,0.9316,35.6912,36.4044,False,0.001883,0.002519
MCUCXR_0055_0.png,JPEG,30,11192,23.4224,0.3416,38.4024,0.9553,37.4825,38.7662,False,0.002877,0.002165
MCUCXR_0055_0.png,JPEG,50,14743,17.7809,0.4499,40.6169,0.9715,39.5791,41.0358,False,0.002122,0.002857
MCUCXR_0055_0.png,JPEG,70,19431,13.491,0.593,42.7971,0.9738,41.4958,43.3473,False,0.002557,0.002032
MCUCXR_0055_0.png,JPEG,90,35008,7.4881,1.0684,47.1846,0.9915,44.9902,48.2855,False,0.003113,0.002464
MCUCXR_0055_0.png,JPEG2000,5,51937,5.0473,1.585,50.7383,0.9953,49.6339,51.1892,False,0.046865,0.028314
MCUCXR_0055_0.png,JPEG2000,10,26070,10.0554,0.7956,46.767,0.9899,44.6473,47.8145,False,0.046809,0.018122
MCUCXR_0055_0.png,JPEG2000,20,13084,20.0355,0.3993,43.4044,0.9806,40.7729,44.8535,False,0.044333,0.01212
MCUCXR_0055_0.png,JPEG2000,40,6548,40.0342,0.1998,39.7594,0.9612,37.2312,41.1205,False,0.044499,0.009483
MCUCXR_0055_0.png,JPEG2000,80,3269,80.1909,0.0998,35.9487,0.925,33.8879,36.955,False,0.046903,0.00782
MCUCXR_0055_0.png,PNG,lossless,94849,2.7638,2.8946,inf,1.0,inf,inf,True,0.174115,0.007032
MCUCXR_0056_0.png,JPEG,10,5896,44.4613,0.1799,33.5182,0.9013,32.2091,33.9729,False,0.002154,0.001671
MCUCXR_0056_0.png,JPEG,20,7935,33.0364,0.2422,36.7042,0.9426,35.4081,37.1533,False,0.002099,0.002306
MCUCXR_0056_0.png,JPEG,30,9657,27.1455,0.2947,38.6167,0.9618,37.1656,39.1329,False,0.00201,0.001635
MCUCXR_0056_0.png,JPEG,50,12496,20.9782,0.3813,41.1029,0.9754,39.3018,41.7843,False,0.002206,0.001919
MCUCXR_0056_0.png,JPEG,70,16231,16.1508,0.4953,42.9896,0.9416,41.2306,43.65,False,0.002474,0.002662
MCUCXR_0056_0.png,JPEG,90,28283,9.2686,0.8631,48.159,0.9939,44.7586,49.9349,False,0.002561,0.002401
MCUCXR_0056_0.png,JPEG2000,5,52272,5.015,1.5952,57.336,0.999,54.4877,58.6544,False,0.036114,0.027757
MCUCXR_0056_0.png,JPEG2000,10,26214,10.0002,0.8,49.1741,0.9941,45.8888,50.8455,False,0.035663,0.018666
MCUCXR_0056_0.png,JPEG2000,20,13078,20.0447,0.3991,45.3211,0.9868,41.4615,47.5728,False,0.037035,0.012417
MCUCXR_0056_0.png,JPEG2000,40,6558,39.9732,0.2001,41.3762,0.9724,37.514,43.631,False,0.040506,0.00951
MCUCXR_0056_0.png,JPEG2000,80,3276,80.0195,0.1,37.1443,0.9421,33.7252,38.9377,False,0.038384,0.00791
MCUCXR_0056_0.png,PNG,lossless,67954,3.8577,2.0738,inf,1.0,inf,inf,True,0.113444,0.006099
MCUCXR_0057_0.png,JPEG,10,6200,42.2813,0.1892,33.1768,0.8881,32.4869,33.4225,False,0.001716,0.001434
MCUCXR_0057_0.png,JPEG,20,8555,30.6422,0.2611,36.4916,0.9373,35.5613,36.8363,False,0.001815,0.001581
MCUCXR_0057_0.png,JPEG,30,10540,24.8713,0.3217,38.4013,0.9587,37.4014,38.7762,False,0.002069,0.001715
MCUCXR_0057_0.png,JPEG,50,13848,18.9301,0.4226,40.6497,0.9728,39.3906,41.1433,False,0.002338,0.001774
MCUCXR_0057_0.png,JPEG,70,18075,14.5031,0.5516,42.5753,0.9485,41.2658,43.0932,False,0.002335,0.003151
MCUCXR_0057_0.png,JPEG,90,32072,8.1736,0.9788,47.321,0.9923,44.7151,48.644,False,0.00229,0.003125
MCUCXR_0057_0.png,JPEG2000,5,52226,5.0194,1.5938,52.2759,0.9968,50.3347,53.1377,False,0.043902,0.029655
MCUCXR_0057_0.png,JPEG2000,10,26060,10.0592,0.7953,47.5264,0.9917,44.8763,48.8845,False,0.041172,0.017233
MCUCXR_0057_0.png,JPEG2000,20,13015,20.1417,0.3972,43.9681,0.983,40.8039,45.7888,False,0.04014,0.012394
MCUCXR_0057_0.png,JPEG2000,40,6415,40.8642,0.1958,40.0486,0.9638,37.1029,41.6599,False,0.041647,0.009701
MCUCXR_0057_0.png,JPEG2000,80,3290,79.679,0.1004,36.1181,0.9305,33.8001,37.2266,False,0.041082,0.008329
MCUCXR_0057_0.png,PNG,lossless,79963,3.2783,2.4403,inf,1.0,inf,inf,True,0.133364,0.007188
MCUCXR_0058_0.png,JPEG,10,5748,45.6061,0.1754,33.7422,0.8968,32.5186,34.1193,False,0.001862,0.001728
MCUCXR_0058_0.png,JPEG,20,7930,33.0573,0.242,37.0254,0.9445,35.6466,37.4612,False,0.002021,0.001641
MCUCXR_0058_0.png,JPEG,30,9740,26.9142,0.2972,38.8794,0.9625,37.4221,39.3461,False,0.001928,0.0016
MCUCXR_0058_0.png,JPEG,50,12674,20.6836,0.3868,41.164,0.9764,39.5421,41.698,False,0.00226,0.002311
MCUCXR_0058_0.png,JPEG,70,16590,15.8013,0.5063,43.0485,0.9512,41.432,43.5802,False,0.002124,0.001897
MCUCXR_0058_0.png,JPEG,90,29528,8.8778,0.9011,47.8019,0.993,44.9609,48.9711,False,0.002541,0.002415
MCUCXR_0058_0.png,JPEG2000,5,52065,5.0349,1.5889,53.149,0.9971,51.4446,53.7182,False,0.038141,0.027624
MCUCXR_0058_0.png,JPEG2000,10,25793,10.1634,0.7871,48.2192,0.9926,45.3645,49.3971,False,0.039748,0.018642
MCUCXR_0058_0.png,JPEG2000,20,13117,19.9851,0.4003,44.8891,0.9858,41.4951,46.4553,False,0.037965,0.011657
MCUCXR_0058_0.png,JPEG2000,40,6510,40.2679,0.1987,41.2917,0.972,37.8468,42.899,False,0.040181,0.009331
MCUCXR_0058_0.png,JPEG2000,80,3237,80.9836,0.0988,37.2331,0.9451,34.2192,38.5172,False,0.039364,0.007623
MCUCXR_0058_0.png,PNG,lossless,78014,3.3602,2.3808,inf,1.0,inf,inf,True,0.15131,0.006518
MCUCXR_0059_0.png,JPEG,10,6494,40.3671,0.1982,32.7815,0.8647,32.5632,32.8665,False,0.001728,0.001695
MCUCXR_0059_0.png,JPEG,20,9232,28.3951,0.2817,36.0885,0.9193,35.7394,36.2273,False,0.00211,0.00181
MCUCXR_0059_0.png,JPEG,30,11428,22.9387,0.3488,38.0673,0.9479,37.4255,38.3353,False,0.001967,0.001863
MCUCXR_0059_0.png,JPEG,50,15226,17.2169,0.4647,40.3201,0.9646,39.4034,40.7216,False,0.003052,0.002029
MCUCXR_0059_0.png,JPEG,70,20357,12.8773,0.6212,42.5363,0.973,41.2598,43.1332,False,0.002267,0.002652
MCUCXR_0059_0.png,JPEG,90,36581,7.1661,1.1164,46.8135,0.9913,44.5876,48.0721,False,0.002873,0.002567
MCUCXR_0059_0.png,JPEG2000,5,52360,5.0066,1.5979,50.5324,0.9955,49.0812,51.2336,False,0.046317,0.028183
MCUCXR_0059_0.png,JPEG2000,10,25881,10.1288,0.7898,46.2887,0.9892,44.0907,47.524,False,0.048056,0.017447
MCUCXR_0059_0.png,JPEG2000,20,13087,20.0309,0.3994,42.7676,0.9776,40.3649,44.1803,False,0.052512,0.014833
MCUCXR_0059_0.png,JPEG2000,40,6409,40.9025,0.1956,39.1928,0.955,36.8444,40.5569,False,0.046296,0.008853
MCUCXR_0059_0.png,JPEG2000,80,3282,79.8732,0.1002,35.9206,0.9194,34.1478,36.8327,False,0.062209,0.009769
MCUCXR_0059_0.png,PNG,lossless,94959,2.7606,2.8979,inf,1.0,inf,inf,True,0.149169,0.00688
MCUCXR_0060_0.png,JPEG,10,5278,49.6673,0.1611,35.3565,0.9339,31.5297,36.0879,False,0.001839,0.00173
MCUCXR_0060_0.png,JPEG,20,6667,39.3196,0.2035,38.4695,0.9628,34.5464,39.2314,False,0.002054,0.001572
MCUCXR_0060_0.png,JPEG,30,7820,33.5223,0.2386,40.4417,0.9756,36.168,41.323,False,0.002537,0.00188
MCUCXR_0060_0.png,JPEG,50,9660,27.1371,0.2948,42.8432,0.9839,38.0962,43.9079,False,0.002021,0.001598
MCUCXR_0060_0.png,JPEG,70,12088,21.6863,0.3689,44.1567,0.9158,39.9682,45.0077,False,0.002293,0.00187
MCUCXR_0060_0.png,JPEG,90,19814,13.2302,0.6047,49.6889,0.9965,43.4774,51.5503,False,0.002134,0.001751
MCUCXR_0060_0.png,JPEG2000,5,38655,6.7816,1.1797,inf,1.0,inf,inf,True,0.034227,0.026478
MCUCXR_0060_0.png,JPEG2000,10,26167,10.0181,0.7986,54.3607,0.9985,49.4827,55.4813,False,0.028947,0.018966
MCUCXR_0060_0.png,JPEG2000,20,13119,19.982,0.4004,49.6431,0.9957,43.5541,51.4205,False,0.030674,0.014587
MCUCXR_0060_0.png,JPEG2000,40,6514,40.2432,0.1988,45.1396,0.9886,38.5499,47.2883,False,0.030069,0.009572
MCUCXR_0060_0.png,JPEG2000,80,3288,79.7275,0.1003,40.9445,0.9724,34.7718,42.7789,False,0.028796,0.00747
MCUCXR_0060_0.png,PNG,lossless,43338,6.0488,1.3226,inf,1.0,inf,inf,True,0.049138,0.00396
MCUCXR_0061_0.png,JPEG,10,6406,40.9216,0.1955,33.0297,0.8846,32.0118,33.1929,False,0.001871,0.001907
MCUCXR_0061_0.png,JPEG,20,8763,29.9149,0.2674,36.2864,0.9499,34.9595,36.5088,False,0.001778,0.001488
MCUCXR_0061_0.png,JPEG,30,10627,24.6677,0.3243,38.7678,0.9664,36.6892,39.1571,False,0.001967,0.002582
MCUCXR_0061_0.png,JPEG,50,13301,19.7086,0.4059,41.3021,0.9803,38.777,41.809,False,0.002155,0.001813
MCUCXR_0061_0.png,JPEG,70,16863,15.5455,0.5146,43.3327,0.9525,40.6861,43.8743,False,0.002119,0.002809
MCUCXR_0061_0.png,JPEG,90,28387,9.2346,0.8663,48.461,0.9945,44.2629,49.5825,False,0.003063,0.002315
MCUCXR_0061_0.png,JPEG2000,5,51995,5.0417,1.5868,57.4045,0.999,54.4161,58.051,False,0.038528,0.026923
MCUCXR_0061_0.png,JPEG2000,10,25797,10.1618,0.7873,49.7131,0.9949,46.3087,50.5026,False,0.04507,0.020219
MCUCXR_0061_0.png,JPEG2000,20,12940,20.2584,0.3949,45.9637,0.9892,41.2809,47.3362,False,0.037164,0.014197
MCUCXR_0061_0.png,JPEG2000,40,6564,39.9366,0.2003,41.8644,0.9757,37.219,43.2158,False,0.03629,0.010425
MCUCXR_0061_0.png,JPEG2000,80,3286,79.776,0.1003,37.401,0.9452,33.2886,38.4823,False,0.037804,0.008074
MCUCXR_0061_0.png,PNG,lossless,68299,3.8382,2.0843,inf,1.0,inf,inf,True,0.12733,0.005107
MCUCXR_0062_0.png,JPEG,10,5955,44.0208,0.1817,33.4678,0.8965,32.3948,33.7867,False,0.001883,0.001741
MCUCXR_0062_0.png,JPEG,20,8136,32.2203,0.2483,36.62,0.9436,35.6597,36.9004,False,0.001751,0.001414
MCUCXR_0062_0.png,JPEG,30,9983,26.259,0.3047,38.6384,0.9625,37.4743,38.9895,False,0.00178,0.001558
MCUCXR_0062_0.png,JPEG,50,12989,20.182,0.3964,41.1254,0.9762,39.5912,41.6171,False,0.002079,0.001793
MCUCXR_0062_0.png,JPEG,70,16943,15.4721,0.5171,43.0245,0.9509,41.5477,43.4933,False,0.001953,0.001691
MCUCXR_0062_0.png,JPEG,90,29942,8.7551,0.9138,47.9493,0.9931,45.0671,49.1293,False,0.002264,0.002518
MCUCXR_0062_0.png,JPEG2000,5,52057,5.0357,1.5887,53.2035,0.9974,51.3956,53.8104,False,0.039196,0.026807
MCUCXR_0062_0.png,JPEG2000,10,26015,10.0766,0.7939,48.2567,0.9929,45.4803,49.3701,False,0.036907,0.016345
MCUCXR_0062_0.png,JPEG2000,20,13068,20.06,0.3988,44.816,0.9857,41.2965,46.462,False,0.037076,0.011533
MCUCXR_0062_0.png,JPEG2000,40,6520,40.2061,0.199,41.0684,0.9711,37.6694,42.6169,False,0.036527,0.008707
MCUCXR_0062_0.png,JPEG2000,80,3277,79.9951,0.1,37.0227,0.9407,33.8982,38.3662,False,0.039157,0.006046
MCUCXR_0062_0.png,PNG,lossless,76967,3.4059,2.3488,inf,1.0,inf,inf,True,0.114741,0.006089
MCUCXR_0063_0.png,JPEG,10,5943,44.1097,0.1814,33.3037,0.8698,32.7831,33.501,False,0.00166,0.001644
MCUCXR_0063_0.png,JPEG,20,8364,31.3419,0.2552,36.4272,0.9281,35.9183,36.6197,False,0.001348,0.001141
MCUCXR_0063_0.png,JPEG,30,10359,25.3059,0.3161,38.5245,0.9533,37.7154,38.8463,False,0.001388,0.001254
MCUCXR_0063_0.png,JPEG,50,13700,19.1346,0.4181,40.6588,0.9696,39.8443,40.9831,False,0.001437,0.001496
MCUCXR_0063_0.png,JPEG,70,18124,14.4639,0.5531,43.0685,0.9746,41.7874,43.6222,False,0.001629,0.001477
MCUCXR_0063_0.png,JPEG,90,32860,7.9776,1.0028,47.478,0.9913,45.2643,48.624,False,0.001725,0.001772
MCUCXR_0063_0.png,JPEG2000,5,52256,5.0165,1.5947,51.3843,0.9955,50.1378,51.9196,False,0.042204,0.026958
MCUCXR_0063_0.png,JPEG2000,10,26137,10.0296,0.7976,47.3709,0.9902,45.208,48.4787,False,0.042493,0.016545
MCUCXR_0063_0.png,JPEG2000,20,13057,20.0769,0.3985,44.1668,0.9817,41.4945,45.6946,False,0.04151,0.011103
MCUCXR_0063_0.png,JPEG2000,40,6495,40.3609,0.1982,40.7198,0.966,38.0163,42.2766,False,0.041106,0.008016
MCUCXR_0063_0.png,JPEG2000,80,3286,79.776,0.1003,36.8545,0.9352,34.6502,37.9933,False,0.043651,0.008113
MCUCXR_0063_0.png,PNG,lossless,89925,2.9151,2.7443,inf,1.0,inf,inf,True,0.193881,0.006554
MCUCXR_0064_0.png,JPEG,10,5813,45.0962,0.1774,33.5122,0.8827,32.5857,33.827,False,0.001884,0.001663
MCUCXR_0064_0.png,JPEG,20,7998,32.7762,0.2441,36.5204,0.9361,35.6764,36.8032,False,0.001996,0.001658
MCUCXR_0064_0.png,JPEG,30,10014,26.1778,0.3056,38.5093,0.9566,37.4329,38.8842,False,0.002141,0.001921
MCUCXR_0064_0.png,JPEG,50,13227,19.8189,0.4037,40.8931,0.9716,39.5499,41.3825,False,0.002296,0.001747
MCUCXR_0064_0.png,JPEG,70,17430,15.0398,0.5319,42.9874,0.9642,41.4979,43.5439,False,0.002221,0.002193
MCUCXR_0064_0.png,JPEG,90,31172,8.4096,0.9513,47.6453,0.9922,45.084,48.8157,False,0.001622,0.00195
MCUCXR_0064_0.png,JPEG2000,5,52303,5.012,1.5962,52.3154,0.9965,50.5832,52.991,False,0.039292,0.026885
MCUCXR_0064_0.png,JPEG2000,10,26198,10.0063,0.7995,47.8474,0.9917,45.5109,48.8681,False,0.04051,0.016329
MCUCXR_0064_0.png,JPEG2000,20,13104,20.0049,0.3999,44.4715,0.9841,41.4973,45.9534,False,0.042099,0.011549
MCUCXR_0064_0.png,JPEG2000,40,6464,40.5545,0.1973,40.8069,0.9685,37.7664,42.3439,False,0.0405,0.008976
MCUCXR_0064_0.png,JPEG2000,80,3272,80.1174,0.0999,35.5161,0.9103,32.8719,36.745,False,0.040586,0.007755
MCUCXR_0064_0.png,PNG,lossless,82621,3.1728,2.5214,inf,1.0,inf,inf,True,0.154415,0.006112
MCUCXR_0068_0.png,JPEG,10,5783,45.3301,0.1765,33.5123,0.8892,33.0512,33.6561,False,0.001702,0.00158
MCUCXR_0068_0.png,JPEG,20,7734,33.895,0.236,36.8934,0.9401,36.231,37.1066,False,0.002174,0.002056
MCUCXR_0068_0.png,JPEG,30,9649,27.168,0.2945,38.6737,0.9596,37.9698,38.9018,False,0.001906,0.001903
MCUCXR_0068_0.png,JPEG,50,12553,20.883,0.3831,41.077,0.9739,40.0403,41.4315,False,0.002421,0.001953
MCUCXR_0068_0.png,JPEG,70,16453,15.9329,0.5021,43.1519,0.9627,41.9877,43.5585,False,0.003023,0.00255
MCUCXR_0068_0.png,JPEG,90,29308,8.9445,0.8944,47.9919,0.9925,45.4408,49.1406,False,0.002313,0.00217
MCUCXR_0068_0.png,JPEG2000,5,52155,5.0262,1.5916,53.2572,0.997,51.6133,53.8809,False,0.039846,0.027018
MCUCXR_0068_0.png,JPEG2000,10,25902,10.1206,0.7905,48.4422,0.9922,45.8434,49.6238,False,0.038183,0.016004
MCUCXR_0068_0.png,JPEG2000,20,12994,20.1742,0.3965,45.1522,0.985,41.9636,46.796,False,0.037651,0.010959
MCUCXR_0068_0.png,JPEG2000,40,6539,40.0893,0.1996,41.831,0.9718,38.6176,43.4969,False,0.037535,0.008313
MCUCXR_0068_0.png,JPEG2000,80,3206,81.7667,0.0978,37.8633,0.9387,35.2969,39.0224,False,0.036909,0.006369
MCUCXR_0068_0.png,PNG,lossless,77643,3.3763,2.3695,inf,1.0,inf,inf,True,0.142263,0.006461
MCUCXR_0069_0.png,JPEG,10,6088,43.0591,0.1858,33.1427,0.8689,32.9069,33.2426,False,0.001401,0.001167
MCUCXR_0069_0.png,JPEG,20,8588,30.5245,0.2621,36.3484,0.9293,36.1202,36.4448,False,0.001372,0.001111
MCUCXR_0069_0.png,JPEG,30,10743,24.4014,0.3279,38.2724,0.9517,37.8524,38.4559,False,0.001403,0.001687
MCUCXR_0069_0.png,JPEG,50,14296,18.3369,0.4363,40.5764,0.969,39.8509,40.9106,False,0.00204,0.002096
MCUCXR_0069_0.png,JPEG,70,19060,13.7536,0.5817,42.7784,0.9717,41.7827,43.2599,False,0.001652,0.001509
MCUCXR_0069_0.png,JPEG,90,34774,7.5385,1.0612,47.1396,0.9907,45.23,48.2461,False,0.001798,0.001742
MCUCXR_0069_0.png,JPEG2000,5,52089,5.0326,1.5896,50.4499,0.9948,49.2181,51.0726,False,0.044291,0.026732
MCUCXR_0069_0.png,JPEG2000,10,26127,10.0335,0.7973,46.6448,0.9888,44.7133,47.7693,False,0.044562,0.016157
MCUCXR_0069_0.png,JPEG2000,20,13094,20.0202,0.3996,43.4779,0.9789,41.0523,45.0561,False,0.043819,0.011062
MCUCXR_0069_0.png,JPEG2000,40,6527,40.163,0.1992,39.9394,0.9581,37.6998,41.3351,False,0.045456,0.009339
MCUCXR_0069_0.png,JPEG2000,80,3264,80.3137,0.0996,35.4713,0.9037,33.7059,36.4637,False,0.04744,0.007428
MCUCXR_0069_0.png,PNG,lossless,95806,2.7362,2.9238,inf,1.0,inf,inf,True,0.163423,0.007165
MCUCXR_0070_0.png,JPEG,10,5479,47.8452,0.1672,34.0164,0.8965,32.719,34.3674,False,0.001618,0.001148
MCUCXR_0070_0.png,JPEG,20,7471,35.0882,0.228,37.2356,0.9457,35.8554,37.614,False,0.001639,0.001229
MCUCXR_0070_0.png,JPEG,30,9138,28.6872,0.2789,39.0335,0.9615,37.5612,39.443,False,0.001663,0.001373
MCUCXR_0070_0.png,JPEG,50,11958,21.9221,0.3649,41.3109,0.9757,39.5185,41.8362,False,0.002199,0.001853
MCUCXR_0070_0.png,JPEG,70,15767,16.6261,0.4812,43.2674,0.9534,41.3593,43.8377,False,0.002255,0.001987
MCUCXR_0070_0.png,JPEG,90,28078,9.3363,0.8569,47.9239,0.9926,44.7922,49.091,False,0.00251,0.002145
MCUCXR_0070_0.png,JPEG2000,5,52422,5.0006,1.5998,53.7524,0.9975,51.8898,54.3048,False,0.039658,0.027138
MCUCXR_0070_0.png,JPEG2000,10,26058,10.06,0.7952,48.6449,0.993,45.8,49.6487,False,0.041113,0.019048
MCUCXR_0070_0.png,JPEG2000,20,13010,20.1494,0.397,45.3339,0.9864,41.7698,46.7828,False,0.039039,0.012535
MCUCXR_0070_0.png,JPEG2000,40,6474,40.4918,0.1976,41.6985,0.9728,38.0446,43.2122,False,0.037814,0.009194
MCUCXR_0070_0.png,JPEG2000,80,3287,79.7517,0.1003,37.9374,0.9475,34.7607,39.1318,False,0.036757,0.006957
MCUCXR_0070_0.png,PNG,lossless,74448,3.5212,2.272,inf,1.0,inf,inf,True,0.122109,0.007714
MCUCXR_0071_0.png,JPEG,10,6150,42.625,0.1877,33.2281,0.8739,32.6067,33.4703,False,0.001754,0.001659
MCUCXR_0071_0.png,JPEG,20,8605,30.4641,0.2626,36.3579,0.9276,35.786,36.5789,False,0.001992,0.001683
MCUCXR_0071_0.png,JPEG,30,10770,24.3402,0.3287,38.3374,0.9529,37.6078,38.627,False,0.001446,0.001241
MCUCXR_0071_0.png,JPEG,50,14233,18.418,0.4344,40.6128,0.9696,39.7391,40.9682,False,0.00148,0.001395
MCUCXR_0071_0.png,JPEG,70,18794,13.9483,0.5735,42.7511,0.97,41.6733,43.2055,False,0.001501,0.001383
MCUCXR_0071_0.png,JPEG,90,33768,7.7631,1.0305,47.29,0.9917,45.1908,48.3644,False,0.001837,0.001685
MCUCXR_0071_0.png,JPEG2000,5,52382,5.0045,1.5986,51.2825,0.9958,49.9908,51.8483,False,0.042354,0.02646
MCUCXR_0071_0.png,JPEG2000,10,26223,9.9967,0.8003,47.0186,0.9901,44.816,48.1702,False,0.042547,0.016398
MCUCXR_0071_0.png,JPEG2000,20,13111,19.9942,0.4001,43.7032,0.9805,41.1039,45.184,False,0.042136,0.01055
MCUCXR_0071_0.png,JPEG2000,40,6561,39.9549,0.2002,40.1046,0.9611,37.6181,41.4861,False,0.041347,0.008287
MCUCXR_0071_0.png,JPEG2000,80,3273,80.0929,0.0999,36.4854,0.9287,34.2555,37.658,False,0.041544,0.006519
MCUCXR_0071_0.png,PNG,lossless,90497,2.8967,2.7617,inf,1.0,inf,inf,True,0.151871,0.006875
MCUCXR_0072_0.png,JPEG,10,5841,44.88,0.1783,33.7807,0.8853,33.403,33.9192,False,0.001704,0.001395
MCUCXR_0072_0.png,JPEG,20,7778,33.7033,0.2374,37.1696,0.9396,36.6399,37.3686,False,0.002082,0.001946
MCUCXR_0072_0.png,JPEG,30,9706,27.0084,0.2962,38.9983,0.9591,38.4153,39.2194,False,0.001954,0.001717
MCUCXR_0072_0.png,JPEG,50,12694,20.651,0.3874,41.3244,0.9736,40.4484,41.6732,False,0.002066,0.001943
MCUCXR_0072_0.png,JPEG,70,16737,15.6625,0.5108,43.2841,0.9615,42.2813,43.6923,False,0.001851,0.00237
MCUCXR_0072_0.png,JPEG,90,30232,8.6711,0.9226,47.8173,0.9919,45.645,48.9195,False,0.00215,0.003255
MCUCXR_0072_0.png,JPEG2000,5,52296,5.0127,1.5959,52.5196,0.9965,51.0015,53.1974,False,0.040251,0.02622
MCUCXR_0072_0.png,JPEG2000,10,26220,9.9979,0.8002,48.0112,0.9913,45.755,49.1761,False,0.039499,0.016677
MCUCXR_0072_0.png,JPEG2000,20,12887,20.3417,0.3933,44.98,0.9838,42.2261,46.565,False,0.040009,0.01065
MCUCXR_0072_0.png,JPEG2000,40,6418,40.8451,0.1959,41.5677,0.9692,38.8855,43.0865,False,0.044975,0.009637
MCUCXR_0072_0.png,JPEG2000,80,3255,80.5358,0.0993,37.9506,0.9397,35.9846,38.9074,False,0.041355,0.007415
MCUCXR_0072_0.png,PNG,lossless,81995,3.1971,2.5023,inf,1.0,inf,inf,True,0.174734,0.00709
MCUCXR_0074_0.png,JPEG,10,5496,47.6972,0.1677,33.5581,0.8991,32.5863,33.8067,False,0.002399,0.001638
MCUCXR_0074_0.png,JPEG,20,7538,34.7763,0.23,36.5535,0.9438,35.6321,36.7873,False,0.002107,0.001856
MCUCXR_0074_0.png,JPEG,30,9229,28.4044,0.2816,38.7076,0.9633,37.3143,39.0882,False,0.00226,0.001747
MCUCXR_0074_0.png,JPEG,50,11858,22.1069,0.3619,40.9496,0.9764,39.3216,41.4114,False,0.002315,0.002372
MCUCXR_0074_0.png,JPEG,70,15480,16.9344,0.4724,42.9589,0.9531,41.2028,43.4677,False,0.001949,0.00299
MCUCXR_0074_0.png,JPEG,90,27567,9.5093,0.8413,47.8115,0.9923,44.5746,49.0354,False,0.002258,0.002941
MCUCXR_0074_0.png,JPEG2000,5,51958,5.0453,1.5856,54.2228,0.9975,53.0225,54.5408,False,0.037286,0.026542
MCUCXR_0074_0.png,JPEG2000,10,25597,10.2412,0.7812,48.5861,0.9925,45.7759,49.5652,False,0.037012,0.01753
MCUCXR_0074_0.png,JPEG2000,20,13075,20.0493,0.399,45.3814,0.9864,41.723,46.8886,False,0.04253,0.014132
MCUCXR_0074_0.png,JPEG2000,40,6561,39.9549,0.2002,42.0767,0.974,38.1393,43.7991,False,0.037736,0.010213
MCUCXR_0074_0.png,JPEG2000,80,3280,79.922,0.1001,38.2762,0.9487,34.7407,39.696,False,0.037445,0.008038
MCUCXR_0074_0.png,PNG,lossless,74916,3.4992,2.2863,inf,1.0,inf,inf,True,0.148578,0.006106
MCUCXR_0075_0.png,JPEG,10,6109,42.9111,0.1864,33.15,0.8891,32.5884,33.3367,False,0.002506,0.001492
MCUCXR_0075_0.png,JPEG,20,8417,31.1446,0.2569,36.4338,0.9389,35.6274,36.7126,False,0.002846,0.001715
MCUCXR_0075_0.png,JPEG,30,10450,25.0856,0.3189,38.4661,0.9594,37.4071,38.8479,False,0.002033,0.001762
MCUCXR_0075_0.png,JPEG,50,13639,19.2202,0.4162,40.761,0.9744,39.4812,41.2401,False,0.002027,0.001776
MCUCXR_0075_0.png,JPEG,70,17880,14.6613,0.5457,42.7672,0.9583,41.3736,43.2993,False,0.001998,0.001813
MCUCXR_0075_0.png,JPEG,90,31903,8.2169,0.9736,47.4879,0.9925,44.8045,48.7992,False,0.002181,0.002061
MCUCXR_0075_0.png,JPEG2000,5,52238,5.0183,1.5942,52.1314,0.9967,50.6277,52.7168,False,0.041766,0.027283
MCUCXR_0075_0.png,JPEG2000,10,26193,10.0082,0.7993,47.6676,0.9919,45.1243,48.8747,False,0.040403,0.016886
MCUCXR_0075_0.png,JPEG2000,20,13054,20.0815,0.3984,44.2438,0.9836,41.0103,46.0283,False,0.040869,0.011553
MCUCXR_0075_0.png,JPEG2000,40,6548,40.0342,0.1998,40.552,0.9668,37.3973,42.2617,False,0.040831,0.007796
MCUCXR_0075_0.png,JPEG2000,80,3259,80.4369,0.0995,36.3935,0.9332,33.852,37.5992,False,0.040858,0.006866
MCUCXR_0075_0.png,PNG,lossless,83921,3.1237,2.5611,inf,1.0,inf,inf,True,0.127882,0.006138
MCUCXR_0077_0.png,JPEG,10,6379,41.0948,0.1947,32.8414,0.9128,32.1792,32.9541,False,0.001294,0.001112
MCUCXR_0077_0.png,JPEG,20,8559,30.6279,0.2612,36.4208,0.9517,35.1438,36.6581,False,0.001766,0.001576
MCUCXR_0077_0.png,JPEG,30,10289,25.4781,0.314,38.8533,0.9681,36.7824,39.287,False,0.001391,0.001098
MCUCXR_0077_0.png,JPEG,50,13017,20.1386,0.3972,41.0586,0.9785,38.7224,41.5686,False,0.001369,0.0012
MCUCXR_0077_0.png,JPEG,70,16424,15.961,0.5012,42.9124,0.9354,40.5036,43.4443,False,0.001509,0.001221
MCUCXR_0077_0.png,JPEG,90,27208,9.6348,0.8303,48.1689,0.995,43.9518,49.4482,False,0.00157,0.001705
MCUCXR_0077_0.png,JPEG2000,5,52190,5.0229,1.5927,64.2381,0.9998,66.539,63.9689,False,0.032848,0.02736
MCUCXR_0077_0.png,JPEG2000,10,25834,10.1472,0.7884,49.7485,0.9956,45.9059,50.8343,False,0.03231,0.016408
MCUCXR_0077_0.png,JPEG2000,20,13033,20.1139,0.3977,45.73,0.9898,41.1118,47.2474,False,0.032664,0.0122
MCUCXR_0077_0.png,JPEG2000,40,6536,40.1077,0.1995,41.6448,0.9763,37.2364,43.0333,False,0.036851,0.009505
MCUCXR_0077_0.png,JPEG2000,80,3293,79.6064,0.1005,37.218,0.943,33.3479,38.3172,False,0.033735,0.00823
MCUCXR_0077_0.png,PNG,lossless,59929,4.3742,1.8289,inf,1.0,inf,inf,True,0.074596,0.004605
MCUCXR_0079_0.png,JPEG,10,6201,42.2745,0.1892,33.026,0.859,32.7767,33.1655,False,0.001854,0.001564
MCUCXR_0079_0.png,JPEG,20,8834,29.6744,0.2696,36.3398,0.9252,35.9412,36.5692,False,0.002039,0.001824
MCUCXR_0079_0.png,JPEG,30,11221,23.3619,0.3424,38.0967,0.9477,37.655,38.353,False,0.002152,0.001702
MCUCXR_0079_0.png,JPEG,50,15120,17.3376,0.4614,40.3292,0.9663,39.6403,40.7485,False,0.002127,0.001943
MCUCXR_0079_0.png,JPEG,70,20454,12.8163,0.6242,42.3908,0.9748,41.5044,42.9518,False,0.001681,0.001418
MCUCXR_0079_0.png,JPEG,90,38184,6.8653,1.1653,46.4429,0.9892,44.8742,47.5942,False,0.0017,0.002023
MCUCXR_0079_0.png,JPEG2000,5,52401,5.0027,1.5992,49.2397,0.9934,48.1767,49.9376,False,0.04958,0.025544
MCUCXR_0079_0.png,JPEG2000,10,26079,10.0519,0.7959,45.6128,0.9863,43.9822,46.8269,False,0.048988,0.018205
MCUCXR_0079_0.png,JPEG2000,20,13029,20.12,0.3976,42.4559,0.9747,40.4789,44.0584,False,0.050073,0.012165
MCUCXR_0079_0.png,JPEG2000,40,6466,40.5419,0.1973,39.1583,0.9504,37.2571,40.67,False,0.049193,0.008723
MCUCXR_0079_0.png,JPEG2000,80,3281,79.8976,0.1001,36.0085,0.9173,34.3803,37.2202,False,0.048316,0.006727
MCUCXR_0079_0.png,PNG,lossless,106961,2.4508,3.2642,inf,1.0,inf,inf,True,0.182764,0.009463
MCUCXR_0080_0.png,JPEG,10,6968,37.6211,0.2126,32.1637,0.8781,31.4315,32.2649,False,0.001805,0.001629
MCUCXR_0080_0.png,JPEG,20,9011,29.0916,0.275,35.9703,0.9345,34.5431,36.1877,False,0.001985,0.001658
MCUCXR_0080_0.png,JPEG,30,10915,24.0169,0.3331,38.1284,0.9585,36.1105,38.4634,False,0.001926,0.001669
MCUCXR_0080_0.png,JPEG,50,13686,19.1542,0.4177,40.3868,0.9709,38.0205,40.8007,False,0.001858,0.001849
MCUCXR_0080_0.png,JPEG,70,17214,15.2285,0.5253,42.5234,0.9503,39.9235,42.9949,False,0.001894,0.001596
MCUCXR_0080_0.png,JPEG,90,28239,9.283,0.8618,48.004,0.9951,43.69,49.0463,False,0.002127,0.002071
MCUCXR_0080_0.png,JPEG2000,5,52184,5.0235,1.5925,62.4498,0.9997,64.9217,62.2195,False,0.035615,0.028629
MCUCXR_0080_0.png,JPEG2000,10,26011,10.0782,0.7938,49.9173,0.9958,46.0121,50.7947,False,0.03623,0.018981
MCUCXR_0080_0.png,JPEG2000,20,12988,20.1836,0.3964,45.6374,0.9897,40.741,46.9569,False,0.036612,0.01416
MCUCXR_0080_0.png,JPEG2000,40,6503,40.3112,0.1985,40.9076,0.9724,35.8778,42.2988,False,0.034275,0.009305
MCUCXR_0080_0.png,JPEG2000,80,3255,80.5358,0.0993,36.2771,0.9281,32.1054,37.2596,False,0.034881,0.008002
MCUCXR_0080_0.png,PNG,lossless,61902,4.2348,1.8891,inf,1.0,inf,inf,True,0.08724,0.004551
MCUCXR_0081_0.png,JPEG,10,6308,41.5574,0.1925,32.9558,0.8838,32.5247,33.1193,False,0.001836,0.001431
MCUCXR_0081_0.png,JPEG,20,8764,29.9115,0.2675,36.2021,0.9322,35.7123,36.3898,False,0.001961,0.001775
MCUCXR_0081_0.png,JPEG,30,10816,24.2367,0.3301,38.1614,0.9559,37.486,38.4283,False,0.002049,0.00176
MCUCXR_0081_0.png,JPEG,50,14276,18.3626,0.4357,40.533,0.9719,39.606,40.9154,False,0.001819,0.001595
MCUCXR_0081_0.png,JPEG,70,18728,13.9974,0.5715,42.5458,0.9591,41.5424,42.9652,False,0.002098,0.001957
MCUCXR_0081_0.png,JPEG,90,33477,7.8306,1.0216,47.2712,0.9925,45.0132,48.4719,False,0.002158,0.0023
MCUCXR_0081_0.png,JPEG2000,5,52052,5.0362,1.5885,51.8382,0.9967,50.2679,52.566,False,0.043488,0.027171
MCUCXR_0081_0.png,JPEG2000,10,26169,10.0173,0.7986,47.2632,0.9915,44.7838,48.646,False,0.041731,0.018637
MCUCXR_0081_0.png,JPEG2000,20,13077,20.0462,0.3991,43.6534,0.9822,40.8307,45.3556,False,0.041728,0.012371
MCUCXR_0081_0.png,JPEG2000,40,6568,39.9123,0.2004,39.8416,0.9624,37.1633,41.4034,False,0.039949,0.010007
MCUCXR_0081_0.png,JPEG2000,80,3208,81.7157,0.0979,35.8492,0.9262,33.6643,36.9932,False,0.042999,0.007194
MCUCXR_0081_0.png,PNG,lossless,83979,3.1215,2.5628,inf,1.0,inf,inf,True,0.13865,0.006709
MCUCXR_0082_0.png,JPEG,10,6083,43.0945,0.1856,33.1176,0.8823,32.7423,33.2524,False,0.00179,0.001941
MCUCXR_0082_0.png,JPEG,20,8408,31.1779,0.2566,36.3042,0.9362,35.9655,36.4251,False,0.00206,0.00186
MCUCXR_0082_0.png,JPEG,30,10454,25.076,0.319,38.2312,0.9568,37.7636,38.4016,False,0.00191,0.001745
MCUCXR_0082_0.png,JPEG,50,13772,19.0346,0.4203,40.6602,0.9726,39.9189,40.9429,False,0.001874,0.001672
MCUCXR_0082_0.png,JPEG,70,18212,14.394,0.5558,42.7771,0.9645,41.8004,43.1646,False,0.002145,0.001966
MCUCXR_0082_0.png,JPEG,90,32765,8.0007,0.9999,47.4869,0.992,45.3058,48.5709,False,0.002372,0.002096
MCUCXR_0082_0.png,JPEG2000,5,51790,5.0617,1.5805,51.5544,0.9961,50.3417,52.0559,False,0.04237,0.027051
MCUCXR_0082_0.png,JPEG2000,10,26137,10.0296,0.7976,47.3358,0.9909,45.0681,48.483,False,0.044875,0.017532
MCUCXR_0082_0.png,JPEG2000,20,13118,19.9835,0.4003,44.0664,0.9823,41.2576,45.6644,False,0.043396,0.012123
MCUCXR_0082_0.png,JPEG2000,40,6559,39.9671,0.2002,40.3537,0.9645,37.7826,41.741,False,0.04339,0.009761
MCUCXR_0082_0.png,JPEG2000,80,3285,79.8003,0.1003,36.5312,0.93,34.2175,37.7129,False,0.043742,0.007253
MCUCXR_0082_0.png,PNG,lossless,86530,3.0295,2.6407,inf,1.0,inf,inf,True,0.138417,0.007179
MCUCXR_0083_0.png,JPEG,10,6039,43.4085,0.1843,33.4394,0.8638,33.1044,33.6117,False,0.001375,0.001098
MCUCXR_0083_0.png,JPEG,20,8324,31.4926,0.254,36.7565,0.9223,36.2493,37.0256,False,0.001347,0.00112
MCUCXR_0083_0.png,JPEG,30,10523,24.9115,0.3211,38.6724,0.9472,37.9156,39.0931,False,0.001381,0.001155
MCUCXR_0083_0.png,JPEG,50,14062,18.642,0.4291,40.9373,0.966,39.8823,41.5589,False,0.001491,0.001323
MCUCXR_0083_0.png,JPEG,70,18870,13.8921,0.5759,43.0889,0.9802,41.7242,43.9458,False,0.001499,0.001362
MCUCXR_0083_0.png,JPEG,90,34704,7.5537,1.0591,47.1674,0.9909,45.1566,48.628,False,0.00164,0.001909
MCUCXR_0083_0.png,JPEG2000,5,51898,5.0511,1.5838,50.7245,0.9952,49.7802,51.2689,False,0.052972,0.028828
MCUCXR_0083_0.png,JPEG2000,10,26103,10.0427,0.7966,46.6692,0.9889,44.6832,48.1031,False,0.046322,0.016686
MCUCXR_0083_0.png,JPEG2000,20,13103,20.0064,0.3999,43.5729,0.9791,41.2705,45.3716,False,0.044001,0.010802
MCUCXR_0083_0.png,JPEG2000,40,6520,40.2061,0.199,40.4036,0.9617,38.2431,42.0318,False,0.044109,0.00794
MCUCXR_0083_0.png,JPEG2000,80,3238,80.9586,0.0988,37.1683,0.9308,35.0266,38.7748,False,0.044087,0.005956
MCUCXR_0083_0.png,PNG,lossless,97454,2.6899,2.9741,inf,1.0,inf,inf,True,0.168903,0.00807
MCUCXR_0084_0.png,JPEG,10,5869,44.6659,0.1791,33.743,0.8845,32.8658,33.9929,False,0.001362,0.001117
MCUCXR_0084_0.png,JPEG,20,7987,32.8213,0.2437,37.0623,0.9385,35.9255,37.3997,False,0.001349,0.001276
MCUCXR_0084_0.png,JPEG,30,9955,26.3329,0.3038,39.0655,0.9581,37.6565,39.5026,False,0.001426,0.001341
MCUCXR_0084_0.png,JPEG,50,13130,19.9653,0.4007,41.305,0.9734,39.6113,41.856,False,0.001726,0.001333
MCUCXR_0084_0.png,JPEG,70,17511,14.9702,0.5344,43.311,0.976,41.4472,43.9353,False,0.001735,0.001547
MCUCXR_0084_0.png,JPEG,90,32268,8.124,0.9847,47.4575,0.9915,44.7871,48.4934,False,0.002508,0.002235
MCUCXR_0084_0.png,JPEG2000,5,51874,5.0535,1.5831,51.3016,0.9957,50.5441,51.5134,False,0.043713,0.026449
MCUCXR_0084_0.png,JPEG2000,10,26115,10.0381,0.797,47.2448,0.9904,45.2437,47.9313,False,0.042424,0.015682
MCUCXR_0084_0.png,JPEG2000,20,13061,20.0707,0.3986,44.2566,0.9826,41.4442,45.378,False,0.042118,0.011231
MCUCXR_0084_0.png,JPEG2000,40,6565,39.9305,0.2003,41.1806,0.9688,38.1656,42.4321,False,0.043222,0.008555
MCUCXR_0084_0.png,JPEG2000,80,3256,80.5111,0.0994,37.754,0.9445,35.0942,38.7837,False,0.046956,0.008436
MCUCXR_0084_0.png,PNG,lossless,92437,2.8359,2.821,inf,1.0,inf,inf,True,0.187887,0.00797
MCUCXR_0085_0.png,JPEG,10,6034,43.4445,0.1841,33.2457,0.8829,32.7838,33.4009,False,0.002836,0.001509
MCUCXR_0085_0.png,JPEG,20,8378,31.2896,0.2557,36.4563,0.936,35.9669,36.6214,False,0.002081,0.001885
MCUCXR_0085_0.png,JPEG,30,10403,25.1989,0.3175,38.5916,0.9577,37.6945,38.915,False,0.001993,0.001728
MCUCXR_0085_0.png,JPEG,50,13696,19.1402,0.418,40.7696,0.9726,39.7896,41.1278,False,0.002124,0.002057
MCUCXR_0085_0.png,JPEG,70,18099,14.4839,0.5523,43.0361,0.9787,41.6493,43.5797,False,0.001864,0.001798
MCUCXR_0085_0.png,JPEG,90,32765,8.0007,0.9999,47.4606,0.9916,45.0807,48.5859,False,0.002595,0.002286
MCUCXR_0085_0.png,JPEG2000,5,51907,5.0503,1.5841,51.4392,0.9957,50.3539,51.843,False,0.043455,0.025974
MCUCXR_0085_0.png,JPEG2000,10,26092,10.0469,0.7963,47.3687,0.9905,45.3669,48.2474,False,0.041656,0.016478
MCUCXR_0085_0.png,JPEG2000,20,13105,20.0034,0.3999,44.2753,0.9824,41.5604,45.652,False,0.041501,0.010893
MCUCXR_0085_0.png,JPEG2000,40,6543,40.0648,0.1997,40.9595,0.9681,38.0991,42.4567,False,0.041891,0.008608
MCUCXR_0085_0.png,JPEG2000,80,3224,81.3102,0.0984,37.2641,0.9385,34.7862,38.4594,False,0.041839,0.006669
MCUCXR_0085_0.png,PNG,lossless,92318,2.8396,2.8173,inf,1.0,inf,inf,True,0.186283,0.006556
MCUCXR_0086_0.png,JPEG,10,5508,47.5933,0.1681,33.9082,0.9061,32.7662,34.2115,False,0.001247,0.00157
MCUCXR_0086_0.png,JPEG,20,7316,35.8316,0.2233,37.0845,0.9495,35.9712,37.3789,False,0.001315,0.001692
MCUCXR_0086_0.png,JPEG,30,8962,29.2506,0.2735,39.1627,0.9659,37.8225,39.5299,False,0.002098,0.001268
MCUCXR_0086_0.png,JPEG,50,11386,23.0234,0.3475,41.5918,0.9785,39.9232,42.0739,False,0.001579,0.001276
MCUCXR_0086_0.png,JPEG,70,14745,17.7785,0.45,43.5183,0.9458,41.953,43.9631,False,0.001529,0.001262
MCUCXR_0086_0.png,JPEG,90,25968,10.0949,0.7925,48.6429,0.9937,45.5203,49.8123,False,0.001516,0.00144
MCUCXR_0086_0.png,JPEG2000,5,52016,5.0397,1.5874,57.0228,0.9987,54.5316,57.8517,False,0.0362,0.027784
MCUCXR_0086_0.png,JPEG2000,10,26152,10.0239,0.7981,50.3968,0.9948,47.1576,51.6379,False,0.037107,0.018404
MCUCXR_0086_0.png,JPEG2000,20,13075,20.0493,0.399,46.3726,0.9891,42.4651,48.0939,False,0.036171,0.012057
MCUCXR_0086_0.png,JPEG2000,40,6560,39.961,0.2002,42.7985,0.9785,38.7451,44.6432,False,0.035242,0.010491
MCUCXR_0086_0.png,JPEG2000,80,3286,79.776,0.1003,38.731,0.9567,35.1998,40.1665,False,0.035706,0.007462
MCUCXR_0086_0.png,PNG,lossless,67995,3.8553,2.075,inf,1.0,inf,inf,True,0.130986,0.005066
MCUCXR_0087_0.png,JPEG,10,6350,41.2825,0.1938,32.8425,0.8872,32.1789,33.1049,False,0.001848,0.001503
MCUCXR_0087_0.png,JPEG,20,8919,29.3916,0.2722,36.0139,0.938,35.1849,36.3509,False,0.001327,0.001208
MCUCXR_0087_0.png,JPEG,30,10979,23.8769,0.3351,37.9107,0.9578,36.8784,38.3455,False,0.00207,0.001776
MCUCXR_0087_0.png,JPEG,50,14603,17.9514,0.4456,40.1602,0.9725,38.8558,40.737,False,0.001839,0.001638
MCUCXR_0087_0.png,JPEG,70,19163,13.6797,0.5848,42.1572,0.9543,40.6918,42.8249,False,0.001943,0.001734
MCUCXR_0087_0.png,JPEG,90,34298,7.6431,1.0467,46.6892,0.9917,44.0689,48.2017,False,0.002283,0.002439
MCUCXR_0087_0.png,JPEG2000,5,52443,4.9986,1.6004,51.2838,0.9964,49.4534,52.1783,False,0.042504,0.026783
MCUCXR_0087_0.png,JPEG2000,10,26041,10.0666,0.7947,46.6726,0.9909,44.001,48.2329,False,0.041259,0.016619
MCUCXR_0087_0.png,JPEG2000,20,13031,20.117,0.3977,43.0256,0.981,40.0175,44.9281,False,0.042296,0.011041
MCUCXR_0087_0.png,JPEG2000,40,6518,40.2185,0.1989,39.3424,0.9607,36.4054,41.168,False,0.042434,0.007676
MCUCXR_0087_0.png,JPEG2000,80,3292,79.6306,0.1005,35.6192,0.928,33.2543,36.9094,False,0.042279,0.006066
MCUCXR_0087_0.png,PNG,lossless,87939,2.981,2.6837,inf,1.0,inf,inf,True,0.109177,0.00673
MCUCXR_0089_0.png,JPEG,10,5767,45.4559,0.176,33.5369,0.864,33.2196,33.7357,False,0.001327,0.001295
MCUCXR_0089_0.png,JPEG,20,8110,32.3236,0.2475,36.9481,0.9245,36.3316,37.358,False,0.001488,0.00128
MCUCXR_0089_0.png,JPEG,30,10373,25.2718,0.3166,38.7178,0.9468,37.9752,39.2244,False,0.001409,0.001161
MCUCXR_0089_0.png,JPEG,50,14039,18.6726,0.4284,40.9339,0.9657,39.9713,41.6219,False,0.001463,0.001269
MCUCXR_0089_0.png,JPEG,70,19172,13.6733,0.5851,42.9368,0.9765,41.786,43.7943,False,0.001519,0.001375
MCUCXR_0089_0.png,JPEG,90,35967,7.2885,1.0976,46.8175,0.989,45.1035,48.2789,False,0.001685,0.0017
MCUCXR_0089_0.png,JPEG2000,5,51987,5.0425,1.5865,49.8099,0.9938,48.8901,50.4612,False,0.045429,0.026161
MCUCXR_0089_0.png,JPEG2000,10,25957,10.0992,0.7921,45.9842,0.9865,44.3832,47.3109,False,0.045886,0.015903
MCUCXR_0089_0.png,JPEG2000,20,13061,20.0707,0.3986,43.1251,0.9757,41.2407,44.8051,False,0.047289,0.012526
MCUCXR_0089_0.png,JPEG2000,40,6569,39.9062,0.2005,40.2866,0.9581,38.4537,41.8984,False,0.046019,0.009452
MCUCXR_0089_0.png,JPEG2000,80,3282,79.8732,0.1002,37.5193,0.9312,35.8915,38.8772,False,0.044755,0.00864
MCUCXR_0089_0.png,PNG,lossless,102571,2.5557,3.1302,inf,1.0,inf,inf,True,0.184002,0.007724
MCUCXR_0090_0.png,JPEG,10,6144,42.6667,0.1875,32.9648,0.8567,33.0307,32.9238,False,0.001618,0.001555
MCUCXR_0090_0.png,JPEG,20,8753,29.949,0.2671,36.1812,0.9213,36.1268,36.2158,False,0.001538,0.001225
MCUCXR_0090_0.png,JPEG,30,11106,23.6038,0.3389,37.8864,0.9439,37.7286,37.9887,False,0.00199,0.001821
MCUCXR_0090_0.png,JPEG,50,15036,17.4344,0.4589,40.1406,0.9635,39.6734,40.4626,False,0.001975,0.001792
MCUCXR_0090_0.png,JPEG,70,20437,12.8269,0.6237,42.113,0.9676,41.4309,42.6046,False,0.002121,0.002934
MCUCXR_0090_0.png,JPEG,90,38292,6.8459,1.1686,46.189,0.9882,44.7534,47.4182,False,0.003012,0.002724
MCUCXR_0090_0.png,JPEG2000,5,52367,5.0059,1.5981,49.0826,0.9931,48.0556,49.8807,False,0.059525,0.030376
MCUCXR_0090_0.png,JPEG2000,10,26165,10.0189,0.7985,45.4299,0.9853,43.8752,46.8017,False,0.055581,0.019355
MCUCXR_0090_0.png,JPEG2000,20,13043,20.0984,0.398,42.2693,0.9723,40.5564,43.8449,False,0.053111,0.013147
MCUCXR_0090_0.png,JPEG2000,40,6488,40.4044,0.198,39.1039,0.9477,37.4032,40.663,False,0.049243,0.009956
MCUCXR_0090_0.png,JPEG2000,80,3244,80.8089,0.099,36.0653,0.9121,34.6509,37.2701,False,0.052401,0.007888
MCUCXR_0090_0.png,PNG,lossless,105965,2.4739,3.2338,inf,1.0,inf,inf,True,0.17136,0.008196
MCUCXR_0091_0.png,JPEG,10,6248,41.9565,0.1907,32.8433,0.8637,32.5272,32.9695,False,0.001886,0.001728
MCUCXR_0091_0.png,JPEG,20,8895,29.4709,0.2715,35.9961,0.9237,35.6235,36.1462,False,0.001872,0.002201
MCUCXR_0091_0.png,JPEG,30,11216,23.3723,0.3423,37.8735,0.9478,37.2876,38.1182,False,0.002638,0.002306
MCUCXR_0091_0.png,JPEG,50,15033,17.4379,0.4588,40.0652,0.9656,39.2504,40.4192,False,0.002138,0.001916
MCUCXR_0091_0.png,JPEG,70,20212,12.9697,0.6168,42.2085,0.9723,41.08,42.7272,False,0.002144,0.002172
MCUCXR_0091_0.png,JPEG,90,37141,7.0581,1.1335,46.5158,0.9901,44.5808,47.5559,False,0.002249,0.002578
MCUCXR_0091_0.png,JPEG2000,5,52222,5.0198,1.5937,49.9711,0.9945,48.6473,50.602,False,0.046455,0.026493
MCUCXR_0091_0.png,JPEG2000,10,26181,10.0128,0.799,46.0823,0.9879,44.0304,47.2124,False,0.046828,0.016164
MCUCXR_0091_0.png,JPEG2000,20,13089,20.0278,0.3994,42.5463,0.9759,40.23,43.8971,False,0.045633,0.010929
MCUCXR_0091_0.png,JPEG2000,40,6540,40.0832,0.1996,38.9688,0.9519,36.8193,40.1777,False,0.046256,0.007905
MCUCXR_0091_0.png,JPEG2000,80,3278,79.9707,0.1,35.5482,0.9165,33.7643,36.4779,False,0.045856,0.006222
MCUCXR_0091_0.png,PNG,lossless,100590,2.6061,3.0698,inf,1.0,inf,inf,True,0.146527,0.007095
MCUCXR_0092_0.png,JPEG,10,5840,44.8877,0.1782,33.4227,0.8737,33.3839,33.4353,False,0.0016,0.001597
MCUCXR_0092_0.png,JPEG,20,8095,32.3834,0.247,36.7585,0.9322,36.5766,36.819,False,0.001318,0.001481
MCUCXR_0092_0.png,JPEG,30,10102,25.9497,0.3083,38.643,0.9529,38.1992,38.7969,False,0.001509,0.001645
MCUCXR_0092_0.png,JPEG,50,13379,19.5937,0.4083,40.8016,0.9695,40.1034,41.0539,False,0.00144,0.001764
MCUCXR_0092_0.png,JPEG,70,17989,14.5725,0.549,42.8369,0.97,41.9338,43.1745,False,0.001642,0.001734
MCUCXR_0092_0.png,JPEG,90,33411,7.846,1.0196,47.0821,0.9901,45.165,47.9415,False,0.002373,0.002116
MCUCXR_0092_0.png,JPEG2000,5,51901,5.0508,1.5839,50.7512,0.9949,50.2084,50.9423,False,0.043178,0.027328
MCUCXR_0092_0.png,JPEG2000,10,26024,10.0732,0.7942,46.8599,0.9888,44.9286,47.7279,False,0.043814,0.016243
MCUCXR_0092_0.png,JPEG2000,20,13115,19.9881,0.4002,44.011,0.9801,41.5874,45.2129,False,0.042677,0.011576
MCUCXR_0092_0.png,JPEG2000,40,6569,39.9062,0.2005,40.9588,0.9652,38.6185,42.0995,False,0.044238,0.008871
MCUCXR_0092_0.png,JPEG2000,80,3285,79.8003,0.1003,37.5715,0.9387,35.6954,38.4058,False,0.043449,0.007683
MCUCXR_0092_0.png,PNG,lossless,94540,2.7728,2.8851,inf,1.0,inf,inf,True,0.188911,0.007552
MCUCXR_0094_0.png,JPEG,10,5881,44.5747,0.1795,33.4965,0.8918,33.1245,33.6136,False,0.001906,0.002217
MCUCXR_0094_0.png,JPEG,20,8031,32.6415,0.2451,36.7254,0.9384,36.1925,36.8973,False,0.00246,0.001956
MCUCXR_0094_0.png,JPEG,30,9837,26.6488,0.3002,38.616,0.9578,37.8362,38.8776,False,0.002803,0.001688
MCUCXR_0094_0.png,JPEG,50,12892,20.3339,0.3934,40.8909,0.9729,39.8119,41.2712,False,0.002541,0.002251
MCUCXR_0094_0.png,JPEG,70,16938,15.4767,0.5169,42.896,0.9546,41.6266,43.358,False,0.001855,0.001804
MCUCXR_0094_0.png,JPEG,90,30005,8.7367,0.9157,47.4975,0.9919,44.8228,48.7644,False,0.002077,0.001984
MCUCXR_0094_0.png,JPEG2000,5,52331,5.0093,1.597,52.8384,0.997,51.0744,53.5387,False,0.039339,0.027514
MCUCXR_0094_0.png,JPEG2000,10,26132,10.0315,0.7975,47.9015,0.9918,45.1746,49.2073,False,0.040273,0.016681
MCUCXR_0094_0.png,JPEG2000,20,13087,20.0309,0.3994,44.4998,0.9835,41.3496,46.1536,False,0.038795,0.011145
MCUCXR_0094_0.png,JPEG2000,40,6542,40.0709,0.1996,41.1835,0.9689,38.2143,42.6809,False,0.040227,0.00812
MCUCXR_0094_0.png,JPEG2000,80,3260,80.4123,0.0995,37.2105,0.9381,34.8545,38.2567,False,0.041513,0.006069
MCUCXR_0094_0.png,PNG,lossless,77161,3.3974,2.3548,inf,1.0,inf,inf,True,0.08767,0.006387
MCUCXR_0095_0.png,JPEG,10,6167,42.5075,0.1882,33.0502,0.8603,33.0623,33.044,False,0.00097,0.000962
MCUCXR_0095_0.png,JPEG,20,8783,29.8467,0.268,36.2808,0.925,36.1759,36.3346,False,0.001115,0.001558
MCUCXR_0095_0.png,JPEG,30,11129,23.555,0.3396,38.0797,0.9474,37.8488,38.2008,False,0.002003,0.001755
MCUCXR_0095_0.png,JPEG,50,14926,17.5629,0.4555,40.2137,0.966,39.8062,40.4345,False,0.001127,0.001539
MCUCXR_0095_0.png,JPEG,70,20254,12.9428,0.6181,42.1953,0.9741,41.6674,42.4877,False,0.001883,0.001399
MCUCXR_0095_0.png,JPEG,90,37989,6.9005,1.1593,46.2754,0.9888,44.9457,47.1396,False,0.002369,0.002564
MCUCXR_0095_0.png,JPEG2000,5,52348,5.0077,1.5975,49.1281,0.9931,48.1384,49.7275,False,0.058385,0.027259
MCUCXR_0095_0.png,JPEG2000,10,26055,10.0612,0.7951,45.6074,0.9859,44.0768,46.6468,False,0.045909,0.016657
MCUCXR_0095_0.png,JPEG2000,20,13095,20.0186,0.3996,42.602,0.9749,40.8678,43.8353,False,0.045072,0.01199
MCUCXR_0095_0.png,JPEG2000,40,6550,40.022,0.1999,39.4084,0.9535,37.6501,40.6659,False,0.0476,0.008992
MCUCXR_0095_0.png,JPEG2000,80,3275,80.044,0.0999,36.2273,0.9203,34.7377,37.2296,False,0.04295,0.008286
MCUCXR_0095_0.png,PNG,lossless,107662,2.4349,3.2856,inf,1.0,inf,inf,True,0.157884,0.007106
MCUCXR_0096_0.png,JPEG,10,5850,44.8109,0.1785,33.6526,0.8836,33.0052,33.9212,False,0.00141,0.001863
MCUCXR_0096_0.png,JPEG,20,7970,32.8913,0.2432,36.6633,0.9331,36.0349,36.9232,False,0.001461,0.00122
MCUCXR_0096_0.png,JPEG,30,10070,26.0322,0.3073,38.6593,0.9543,37.7798,39.0391,False,0.001799,0.001636
MCUCXR_0096_0.png,JPEG,50,13265,19.7621,0.4048,40.9113,0.97,39.8095,41.4063,False,0.001806,0.001661
MCUCXR_0096_0.png,JPEG,70,17644,14.8574,0.5385,42.9944,0.9649,41.6586,43.6208,False,0.001861,0.001712
MCUCXR_0096_0.png,JPEG,90,31847,8.2314,0.9719,47.5524,0.9917,45.0485,49.0453,False,0.002053,0.002073
MCUCXR_0096_0.png,JPEG2000,5,52417,5.0011,1.5996,51.9538,0.9962,50.5041,52.6484,False,0.039594,0.029137
MCUCXR_0096_0.png,JPEG2000,10,26053,10.062,0.7951,47.4583,0.9908,45.1584,48.7685,False,0.04417,0.021792
MCUCXR_0096_0.png,JPEG2000,20,12980,20.196,0.3961,44.1897,0.9818,41.2767,46.1039,False,0.042737,0.010693
MCUCXR_0096_0.png,JPEG2000,40,6516,40.2308,0.1989,40.8776,0.9663,38.0992,42.6443,False,0.044591,0.010191
MCUCXR_0096_0.png,JPEG2000,80,3241,80.8837,0.0989,37.1669,0.9374,34.877,38.4686,False,0.04455,0.009688
MCUCXR_0096_0.png,PNG,lossless,84999,3.0841,2.594,inf,1.0,inf,inf,True,0.186354,0.008379
MCUCXR_0097_0.png,JPEG,10,6659,39.3669,0.2032,32.6852,0.8498,32.1799,32.8639,False,0.002151,0.001878
MCUCXR_0097_0.png,JPEG,20,9177,28.5653,0.2801,36.1768,0.9229,35.4241,36.454,False,0.002659,0.002186
MCUCXR_0097_0.png,JPEG,30,11211,23.3827,0.3421,38.1076,0.9478,37.0687,38.509,False,0.002835,0.00213
MCUCXR_0097_0.png,JPEG,50,14727,17.8002,0.4494,40.4294,0.9659,39.0924,40.9735,False,0.001841,0.001606
MCUCXR_0097_0.png,JPEG,70,19341,13.5538,0.5902,42.6065,0.9771,40.8878,43.3565,False,0.002622,0.002794
MCUCXR_0097_0.png,JPEG,90,34325,7.6371,1.0475,46.9976,0.9922,44.2733,48.4547,False,0.002781,0.003131
MCUCXR_0097_0.png,JPEG2000,5,52164,5.0254,1.5919,51.4783,0.9965,50.2055,51.9904,False,0.043809,0.026581
MCUCXR_0097_0.png,JPEG2000,10,25815,10.1547,0.7878,46.8916,0.9909,44.3502,48.1982,False,0.043445,0.018019
MCUCXR_0097_0.png,JPEG2000,20,13107,20.0003,0.4,43.3615,0.9806,40.3558,45.0748,False,0.045213,0.011908
MCUCXR_0097_0.png,JPEG2000,40,6460,40.5796,0.1971,39.4186,0.9549,36.5953,40.9622,False,0.046664,0.009894
MCUCXR_0097_0.png,JPEG2000,80,3274,80.0684,0.0999,35.5419,0.9039,33.2974,36.6268,False,0.043511,0.008741
MCUCXR_0097_0.png,PNG,lossless,87846,2.9841,2.6808,inf,1.0,inf,inf,True,0.123011,0.006363
MCUCXR_0099_0.png,JPEG,10,6365,41.1852,0.1942,32.6405,0.8574,32.3599,32.7889,False,0.00183,0.001806
MCUCXR_0099_0.png,JPEG,20,9113,28.7659,0.2781,35.9325,0.9243,35.5625,36.1313,False,0.001936,0.001575
MCUCXR_0099_0.png,JPEG,30,11495,22.805,0.3508,37.8058,0.948,37.2957,38.0872,False,0.00231,0.00196
MCUCXR_0099_0.png,JPEG,50,15390,17.0334,0.4697,40.0479,0.9667,39.3223,40.4647,False,0.003003,0.001925
MCUCXR_0099_0.png,JPEG,70,20645,12.6977,0.63,42.3188,0.9796,41.2105,43.0057,False,0.002273,0.002176
MCUCXR_0099_0.png,JPEG,90,37634,6.9656,1.1485,46.592,0.9907,44.74,47.9445,False,0.002191,0.002109
MCUCXR_0099_0.png,JPEG2000,5,52371,5.0055,1.5982,50.1149,0.995,48.7756,50.9861,False,0.04716,0.027336
MCUCXR_0099_0.png,JPEG2000,10,26115,10.0381,0.797,46.0701,0.9884,44.0599,47.5955,False,0.045673,0.015975
MCUCXR_0099_0.png,JPEG2000,20,13082,20.0385,0.3992,42.3933,0.9757,40.0956,44.2702,False,0.045318,0.01146
MCUCXR_0099_0.png,JPEG2000,40,6560,39.961,0.2002,38.8322,0.9523,36.6504,40.5611,False,0.046035,0.007548
MCUCXR_0099_0.png,JPEG2000,80,3286,79.776,0.1003,35.2591,0.9131,33.5537,36.4625,False,0.045588,0.006109
MCUCXR_0099_0.png,PNG,lossless,100107,2.6186,3.055,inf,1.0,inf,inf,True,0.157093,0.006732
MCUCXR_0100_0.png,JPEG,10,5980,43.8368,0.1825,33.4689,0.8856,32.8344,33.7207,False,0.001401,0.001091
MCUCXR_0100_0.png,JPEG,20,8264,31.7212,0.2522,36.6892,0.9386,36.0494,36.9433,False,0.001373,0.001676
MCUCXR_0100_0.png,JPEG,30,10225,25.6376,0.312,38.5827,0.9587,37.7971,38.9024,False,0.001393,0.001138
MCUCXR_0100_0.png,JPEG,50,13570,19.3179,0.4141,40.9406,0.9738,39.8639,41.4018,False,0.001479,0.002008
MCUCXR_0100_0.png,JPEG,70,17858,14.6794,0.545,42.9545,0.961,41.771,43.4712,False,0.001957,0.001613
MCUCXR_0100_0.png,JPEG,90,32058,8.1772,0.9783,47.6426,0.9927,45.3188,48.9113,False,0.002369,0.0017
MCUCXR_0100_0.png,JPEG2000,5,51861,5.0547,1.5827,52.3875,0.9968,50.8366,53.112,False,0.039726,0.027399
MCUCXR_0100_0.png,JPEG2000,10,26209,10.0021,0.7998,47.8081,0.9919,45.3715,49.1715,False,0.04089,0.01734
MCUCXR_0100_0.png,JPEG2000,20,13034,20.1123,0.3978,44.2942,0.9836,41.4401,46.0513,False,0.042192,0.011297
MCUCXR_0100_0.png,JPEG2000,40,6509,40.2741,0.1986,40.6717,0.9673,38.0305,42.2188,False,0.043274,0.008575
MCUCXR_0100_0.png,JPEG2000,80,3283,79.8489,0.1002,36.7939,0.9367,34.5573,37.9925,False,0.04072,0.007446
MCUCXR_0100_0.png,PNG,lossless,83959,3.1223,2.5622,inf,1.0,inf,inf,True,0.162109,0.006371
MCUCXR_0101_0.png,JPEG,10,6245,41.9766,0.1906,33.0709,0.8866,32.1232,33.403,False,0.001822,0.001402
MCUCXR_0101_0.png,JPEG,20,8687,30.1766,0.2651,36.0918,0.9308,35.2198,36.3936,False,0.001939,0.001642
MCUCXR_0101_0.png,JPEG,30,10759,24.3651,0.3283,38.0054,0.9555,36.9946,38.3633,False,0.002058,0.001618
MCUCXR_0101_0.png,JPEG,50,14295,18.3382,0.4362,40.3172,0.9703,39.069,40.7772,False,0.001549,0.001642
MCUCXR_0101_0.png,JPEG,70,18862,13.898,0.5756,42.595,0.9671,41.0326,43.2033,False,0.001592,0.001421
MCUCXR_0101_0.png,JPEG,90,33509,7.8231,1.0226,47.3107,0.9929,44.5963,48.6309,False,0.002184,0.002006
MCUCXR_0101_0.png,JPEG2000,5,51856,5.0552,1.5825,51.9092,0.9968,50.3087,52.5366,False,0.050485,0.036046
MCUCXR_0101_0.png,JPEG2000,10,26010,10.0786,0.7938,47.3184,0.9918,44.7075,48.5611,False,0.047734,0.018076
MCUCXR_0101_0.png,JPEG2000,20,13112,19.9927,0.4001,43.6631,0.9824,40.5205,45.3416,False,0.042849,0.013178
MCUCXR_0101_0.png,JPEG2000,40,6541,40.0771,0.1996,39.689,0.9608,36.629,41.2931,False,0.043967,0.008924
MCUCXR_0101_0.png,JPEG2000,80,3286,79.776,0.1003,35.8503,0.9272,33.3828,36.9908,False,0.043691,0.007373
MCUCXR_0101_0.png,PNG,lossless,86860,3.018,2.6508,inf,1.0,inf,inf,True,0.144851,0.007552
MCUCXR_0102_0.png,JPEG,10,6216,42.1725,0.1897,33.0044,0.8611,32.8132,33.1078,False,0.001899,0.002013
MCUCXR_0102_0.png,JPEG,20,8890,29.4875,0.2713,36.341,0.9268,35.994,36.534,False,0.002038,0.001857
MCUCXR_0102_0.png,JPEG,30,11258,23.2851,0.3436,38.1985,0.949,37.6983,38.4848,False,0.002098,0.001787
MCUCXR_0102_0.png,JPEG,50,15117,17.341,0.4613,40.3669,0.9673,39.7012,40.7602,False,0.003045,0.002721
MCUCXR_0102_0.png,JPEG,70,20438,12.8263,0.6237,42.3971,0.9748,41.5403,42.9226,False,0.002232,0.002845
MCUCXR_0102_0.png,JPEG,90,38012,6.8963,1.16,46.4835,0.9895,44.9677,47.5531,False,0.002899,0.002796
MCUCXR_0102_0.png,JPEG2000,5,52217,5.0203,1.5935,49.3329,0.9935,48.3083,49.9832,False,0.054191,0.028459
MCUCXR_0102_0.png,JPEG2000,10,26180,10.0131,0.799,45.6939,0.9867,44.0697,46.8688,False,0.052258,0.019414
MCUCXR_0102_0.png,JPEG2000,20,13054,20.0815,0.3984,42.4927,0.9754,40.5697,43.987,False,0.049126,0.013387
MCUCXR_0102_0.png,JPEG2000,40,6546,40.0464,0.1998,39.2428,0.954,37.4603,40.5814,False,0.046873,0.009479
MCUCXR_0102_0.png,JPEG2000,80,3293,79.6064,0.1005,35.9877,0.9193,34.3914,37.1351,False,0.048225,0.008461
MCUCXR_0102_0.png,PNG,lossless,106178,2.4689,3.2403,inf,1.0,inf,inf,True,0.187516,0.008266
MCUCXR_0103_0.png,JPEG,10,6115,42.869,0.1866,33.1324,0.8647,32.8612,33.2489,False,0.001937,0.001688
MCUCXR_0103_0.png,JPEG,20,8615,30.4288,0.2629,36.3989,0.9252,35.9654,36.5903,False,0.001858,0.001686
MCUCXR_0103_0.png,JPEG,30,10795,24.2838,0.3294,38.2718,0.9493,37.6643,38.5484,False,0.001977,0.001733
MCUCXR_0103_0.png,JPEG,50,14417,18.183,0.44,40.4662,0.9669,39.595,40.8819,False,0.002289,0.002151
MCUCXR_0103_0.png,JPEG,70,19363,13.5384,0.5909,42.5157,0.9751,41.4862,43.0214,False,0.002355,0.002238
MCUCXR_0103_0.png,JPEG,90,35869,7.3084,1.0946,46.7391,0.9901,44.926,47.7787,False,0.002589,0.00272
MCUCXR_0103_0.png,JPEG2000,5,52293,5.013,1.5959,50.1115,0.9944,49.2267,50.5348,False,0.048432,0.02921
MCUCXR_0103_0.png,JPEG2000,10,26050,10.0631,0.795,46.2629,0.988,44.3682,47.3683,False,0.047218,0.018071
MCUCXR_0103_0.png,JPEG2000,20,13113,19.9912,0.4002,43.1684,0.9782,40.8764,44.6292,False,0.045752,0.012193
MCUCXR_0103_0.png,JPEG2000,40,6521,40.2,0.199,39.7288,0.9577,37.5466,41.085,False,0.045845,0.009
MCUCXR_0103_0.png,JPEG2000,80,3289,79.7033,0.1004,36.3831,0.9239,34.3798,37.5797,False,0.048109,0.007768
MCUCXR_0103_0.png,PNG,lossless,100994,2.5956,3.0821,inf,1.0,inf,inf,True,0.193229,0.007921
MCUCXR_0104_1.png,JPEG,10,6262,41.8627,0.1911,32.9585,0.8675,33.3208,32.7801,False,0.002579,0.001768
MCUCXR_0104_1.png,JPEG,20,8544,30.6816,0.2607,36.3711,0.9303,36.3909,36.3607,False,0.001888,0.001482
MCUCXR_0104_1.png,JPEG,30,10717,24.4606,0.3271,38.1093,0.9506,37.9925,38.1718,False,0.00207,0.001612
MCUCXR_0104_1.png,JPEG,50,14253,18.3922,0.435,40.5104,0.968,39.872,40.8864,False,0.002582,0.002349
MCUCXR_0104_1.png,JPEG,70,19161,13.6811,0.5847,42.3437,0.9626,41.6412,42.7627,False,0.001897,0.002672
MCUCXR_0104_1.png,JPEG,90,35147,7.4585,1.0726,46.6404,0.9898,44.911,47.9258,False,0.00203,0.002123
MCUCXR_0104_1.png,JPEG2000,5,52392,5.0035,1.5989,50.5538,0.9952,49.1734,51.5012,False,0.045588,0.028554
MCUCXR_0104_1.png,JPEG2000,10,26097,10.045,0.7964,46.4092,0.9883,44.4803,47.9142,False,0.053531,0.022612
MCUCXR_0104_1.png,JPEG2000,20,13055,20.08,0.3984,43.2442,0.9775,41.1694,44.924,False,0.044314,0.012841
MCUCXR_0104_1.png,JPEG2000,40,6514,40.2432,0.1988,40.1624,0.9596,38.2767,41.6181,False,0.043358,0.009627
MCUCXR_0104_1.png,JPEG2000,80,3291,79.6548,0.1004,36.9821,0.9235,35.4439,38.0756,False,0.046772,0.00881
MCUCXR_0104_1.png,PNG,lossless,93373,2.8075,2.8495,inf,1.0,inf,inf,True,0.148407,0.006645
MCUCXR_0108_1.png,JPEG,10,5897,44.4538,0.18,33.2469,0.8753,32.2805,33.6906,False,0.001863,0.001368
MCUCXR_0108_1.png,JPEG,20,8302,31.576,0.2534,36.3196,0.9266,35.3987,36.7389,False,0.001739,0.001446
MCUCXR_0108_1.png,JPEG,30,10427,25.1409,0.3182,38.1539,0.95,37.1266,38.6308,False,0.002043,0.001607
MCUCXR_0108_1.png,JPEG,50,13930,18.8187,0.4251,40.2948,0.9667,39.1355,40.8461,False,0.002656,0.003108
MCUCXR_0108_1.png,JPEG,70,18596,14.0968,0.5675,42.1383,0.9545,40.9724,42.6935,False,0.002793,0.002399
MCUCXR_0108_1.png,JPEG,90,33821,7.7509,1.0321,46.6208,0.9907,44.424,47.9082,False,0.002723,0.002639
MCUCXR_0108_1.png,JPEG2000,5,52166,5.0252,1.592,51.0275,0.9959,49.5724,51.7594,False,0.048236,0.032531
MCUCXR_0108_1.png,JPEG2000,10,26188,10.0101,0.7992,46.5977,0.9898,44.22,48.0486,False,0.047937,0.017668
MCUCXR_0108_1.png,JPEG2000,20,13107,20.0003,0.4,43.1276,0.9792,40.4279,44.9049,False,0.042029,0.012654
MCUCXR_0108_1.png,JPEG2000,40,6451,40.6362,0.1969,39.5385,0.9581,37.0146,41.1317,False,0.042692,0.009927
MCUCXR_0108_1.png,JPEG2000,80,3239,80.9336,0.0988,36.2245,0.9228,33.8677,37.6558,False,0.041037,0.00775
MCUCXR_0108_1.png,PNG,lossless,88108,2.9753,2.6888,inf,1.0,inf,inf,True,0.128711,0.006243
MCUCXR_0113_1.png,JPEG,10,5753,45.5665,0.1756,33.4836,0.8693,32.4941,33.7367,False,0.00198,0.001813
MCUCXR_0113_1.png,JPEG,20,7867,33.322,0.2401,36.2565,0.9161,35.2653,36.5102,False,0.001806,0.001505
MCUCXR_0113_1.png,JPEG,30,9848,26.619,0.3005,38.1552,0.9447,36.846,38.5071,False,0.001746,0.002464
MCUCXR_0113_1.png,JPEG,50,13036,20.1092,0.3978,40.3831,0.9612,38.6471,40.8831,False,0.001822,0.001576
MCUCXR_0113_1.png,JPEG,70,17413,15.0545,0.5314,42.4995,0.9662,40.3746,43.1528,False,0.001854,0.001669
MCUCXR_0113_1.png,JPEG,90,31851,8.2303,0.972,46.7459,0.9905,43.6179,47.9006,False,0.001999,0.002169
MCUCXR_0113_1.png,JPEG2000,5,51951,5.046,1.5854,51.5605,0.9959,49.894,52.035,False,0.040598,0.030743
MCUCXR_0113_1.png,JPEG2000,10,26190,10.0093,0.7993,47.0121,0.9897,44.4965,47.8404,False,0.043109,0.017872
MCUCXR_0113_1.png,JPEG2000,20,13069,20.0585,0.3988,43.6197,0.9789,40.0351,45.0698,False,0.043579,0.01238
MCUCXR_0113_1.png,JPEG2000,40,6541,40.0771,0.1996,40.4033,0.959,37.0165,41.719,False,0.043598,0.010015
MCUCXR_0113_1.png,JPEG2000,80,3280,79.922,0.1001,37.0737,0.9306,34.307,38.0274,False,0.042668,0.009434
MCUCXR_0113_1.png,PNG,lossless,86133,3.0435,2.6286,inf,1.0,inf,inf,True,0.164266,0.006425
MCUCXR_0117_1.png,JPEG,10,5828,44.9801,0.1779,33.2731,0.8825,32.8004,33.3805,False,0.001891,0.001527
MCUCXR_0117_1.png,JPEG,20,8043,32.5928,0.2455,36.1692,0.9264,35.7963,36.2527,False,0.001941,0.001597
MCUCXR_0117_1.png,JPEG,30,9890,26.506,0.3018,38.3169,0.9516,37.4088,38.5371,False,0.002131,0.001653
MCUCXR_0117_1.png,JPEG,50,12841,20.4146,0.3919,40.4882,0.9669,39.2676,40.7986,False,0.001799,0.002036
MCUCXR_0117_1.png,JPEG,70,16944,15.4712,0.5171,42.5168,0.9502,41.0001,42.9207,False,0.002,0.001795
MCUCXR_0117_1.png,JPEG,90,30428,8.6152,0.9286,47.0309,0.9909,44.2171,47.9658,False,0.002237,0.002201
MCUCXR_0117_1.png,JPEG2000,5,51932,5.0478,1.5848,52.4898,0.9966,51.5902,52.7076,False,0.042238,0.027771
MCUCXR_0117_1.png,JPEG2000,10,26107,10.0411,0.7967,47.6732,0.991,45.0634,48.509,False,0.041452,0.018459
MCUCXR_0117_1.png,JPEG2000,20,12956,20.2334,0.3954,44.4386,0.9823,41.0764,45.6785,False,0.048072,0.013539
MCUCXR_0117_1.png,JPEG2000,40,6537,40.1016,0.1995,41.215,0.9673,37.907,42.422,False,0.042152,0.01088
MCUCXR_0117_1.png,JPEG2000,80,3252,80.6101,0.0992,37.4498,0.9376,34.71,38.3479,False,0.053996,0.008913
MCUCXR_0117_1.png,PNG,lossless,79340,3.3041,2.4213,inf,1.0,inf,inf,True,0.15955,0.006454
MCUCXR_0126_1.png,JPEG,10,6012,43.6035,0.1835,33.1226,0.8686,32.6894,33.2781,False,0.001967,0.001991
MCUCXR_0126_1.png,JPEG,20,8401,31.2039,0.2564,36.2701,0.9216,35.9128,36.3968,False,0.002247,0.001848
MCUCXR_0126_1.png,JPEG,30,10583,24.7703,0.323,38.1756,0.9488,37.7034,38.3463,False,0.002233,0.001921
MCUCXR_0126_1.png,JPEG,50,13858,18.9164,0.4229,40.5023,0.9664,39.7885,40.7706,False,0.002264,0.003004
MCUCXR_0126_1.png,JPEG,70,18349,14.2866,0.56,42.6285,0.968,41.6503,43.013,False,0.002463,0.002571
MCUCXR_0126_1.png,JPEG,90,33314,7.8689,1.0167,46.9722,0.991,45.0462,47.8724,False,0.002627,0.002694
MCUCXR_0126_1.png,JPEG2000,5,51975,5.0437,1.5862,51.1089,0.9955,50.0519,51.5301,False,0.048559,0.03315
MCUCXR_0126_1.png,JPEG2000,10,26200,10.0055,0.7996,46.9759,0.9898,45.2169,47.772,False,0.049844,0.020012
MCUCXR_0126_1.png,JPEG2000,20,13120,19.9805,0.4004,43.6126,0.9798,41.2398,44.8263,False,0.045691,0.014965
MCUCXR_0126_1.png,JPEG2000,40,6481,40.4481,0.1978,39.9417,0.9591,37.6294,41.1097,False,0.043574,0.010718
MCUCXR_0126_1.png,JPEG2000,80,3286,79.776,0.1003,36.3872,0.9214,34.4994,37.263,False,0.047617,0.008486
MCUCXR_0126_1.png,PNG,lossless,91639,2.8606,2.7966,inf,1.0,inf,inf,True,0.18007,0.007543
MCUCXR_0140_1.png,JPEG,10,6313,41.5245,0.1927,32.6884,0.8532,32.1226,32.9077,False,0.002137,0.00209
MCUCXR_0140_1.png,JPEG,20,9053,28.9566,0.2763,35.76,0.9188,35.1552,35.9959,False,0.001723,0.001469
MCUCXR_0140_1.png,JPEG,30,11488,22.8189,0.3506,37.4989,0.9419,36.7781,37.7857,False,0.001817,0.001972
MCUCXR_0140_1.png,JPEG,50,15518,16.8929,0.4736,39.5339,0.9613,38.6341,39.9029,False,0.002067,0.001849
MCUCXR_0140_1.png,JPEG,70,20963,12.5051,0.6397,41.3837,0.9675,40.3352,41.8251,False,0.002711,0.00272
MCUCXR_0140_1.png,JPEG,90,39804,6.5859,1.2147,45.1803,0.9859,43.6384,45.8903,False,0.002667,0.002601
MCUCXR_0140_1.png,JPEG2000,5,52348,5.0077,1.5975,48.2206,0.9916,47.417,48.5448,False,0.057464,0.032157
MCUCXR_0140_1.png,JPEG2000,10,26087,10.0488,0.7961,44.4355,0.9823,42.7497,45.2334,False,0.051315,0.017529
MCUCXR_0140_1.png,JPEG2000,20,13021,20.1324,0.3974,41.3002,0.9678,39.192,42.3855,False,0.050809,0.012667
MCUCXR_0140_1.png,JPEG2000,40,6512,40.2555,0.1987,38.1467,0.9425,36.0407,39.2305,False,0.05105,0.009965
MCUCXR_0140_1.png,JPEG2000,80,3293,79.6064,0.1005,35.0651,0.9056,33.2098,35.9728,False,0.057267,0.009281
MCUCXR_0140_1.png,PNG,lossless,110615,2.3699,3.3757,inf,1.0,inf,inf,True,0.156509,0.007402
MCUCXR_0141_1.png,JPEG,10,6278,41.756,0.1916,32.6914,0.8621,32.4138,32.8539,False,0.001826,0.002019
MCUCXR_0141_1.png,JPEG,20,9182,28.5498,0.2802,35.9004,0.9236,35.5647,36.0992,False,0.002535,0.001953
MCUCXR_0141_1.png,JPEG,30,11618,22.5636,0.3546,37.7644,0.9471,37.2746,38.063,False,0.002082,0.002557
MCUCXR_0141_1.png,JPEG,50,15720,16.6758,0.4797,39.9949,0.9659,39.3155,40.4248,False,0.00235,0.002504
MCUCXR_0141_1.png,JPEG,70,21176,12.3793,0.6462,42.168,0.9763,41.1617,42.849,False,0.002224,0.002101
MCUCXR_0141_1.png,JPEG,90,39062,6.711,1.1921,46.2476,0.9896,44.5823,47.5559,False,0.003444,0.002607
MCUCXR_0141_1.png,JPEG2000,5,52189,5.023,1.5927,49.2893,0.9939,48.2177,50.0246,False,0.053163,0.030119
MCUCXR_0141_1.png,JPEG2000,10,26130,10.0323,0.7974,45.3804,0.9865,43.6149,46.802,False,0.052189,0.018167
MCUCXR_0141_1.png,JPEG2000,20,13115,19.9881,0.4002,41.929,0.9727,39.9482,43.6144,False,0.051854,0.013077
MCUCXR_0141_1.png,JPEG2000,40,6548,40.0342,0.1998,38.549,0.9488,36.6275,40.1587,False,0.058996,0.010881
MCUCXR_0141_1.png,JPEG2000,80,3272,80.1174,0.0999,35.1963,0.9117,33.7299,36.2951,False,0.05523,0.010095
MCUCXR_0141_1.png,PNG,lossless,104588,2.5064,3.1918,inf,1.0,inf,inf,True,0.18021,0.008616
MCUCXR_0142_1.png,JPEG,10,6263,41.856,0.1911,32.8606,0.8817,31.8282,33.2583,False,0.002852,0.002007
MCUCXR_0142_1.png,JPEG,20,8800,29.7891,0.2686,36.0037,0.9316,34.859,36.4533,False,0.000747,0.000622
MCUCXR_0142_1.png,JPEG,30,10941,23.9598,0.3339,37.9328,0.9541,36.5535,38.4974,False,0.001032,0.000787
MCUCXR_0142_1.png,JPEG,50,14432,18.1641,0.4404,40.1265,0.9695,38.5221,40.8105,False,0.001261,0.001921
MCUCXR_0142_1.png,JPEG,70,18950,13.8335,0.5783,42.0762,0.9555,40.3144,42.8497,False,0.001481,0.001344
MCUCXR_0142_1.png,JPEG,90,33907,7.7313,1.0348,46.609,0.9916,43.7266,48.2027,False,0.001639,0.001543
MCUCXR_0142_1.png,JPEG2000,5,51998,5.0414,1.5869,51.4904,0.9964,49.7867,52.2302,False,0.038348,0.023
MCUCXR_0142_1.png,JPEG2000,10,25890,10.1253,0.7901,46.7612,0.9907,43.8679,48.3649,False,0.027103,0.013561
MCUCXR_0142_1.png,JPEG2000,20,13100,20.011,0.3998,42.98,0.9799,39.7091,44.9621,False,0.035299,0.009741
MCUCXR_0142_1.png,JPEG2000,40,6493,40.3733,0.1982,39.1324,0.958,36.027,40.9405,False,0.035518,0.005632
MCUCXR_0142_1.png,JPEG2000,80,3254,80.5605,0.0993,35.4858,0.922,32.8399,36.874,False,0.035466,0.007342
MCUCXR_0142_1.png,PNG,lossless,86690,3.0239,2.6456,inf,1.0,inf,inf,True,0.149209,0.007116
MCUCXR_0144_1.png,JPEG,10,5913,44.3335,0.1805,33.3732,0.8677,33.0118,33.5184,False,0.002068,0.002321
MCUCXR_0144_1.png,JPEG,20,8297,31.595,0.2532,36.4922,0.9252,36.0029,36.693,False,0.00142,0.001206
MCUCXR_0144_1.png,JPEG,30,10364,25.2937,0.3163,38.2861,0.9492,37.7358,38.5143,False,0.002073,0.00172
MCUCXR_0144_1.png,JPEG,50,13852,18.9246,0.4227,40.4632,0.9664,39.745,40.7697,False,0.001837,0.001936
MCUCXR_0144_1.png,JPEG,70,18558,14.1257,0.5663,42.6194,0.9722,41.5608,43.0993,False,0.00233,0.002176
MCUCXR_0144_1.png,JPEG,90,34361,7.6291,1.0486,46.8329,0.9898,44.8956,47.8732,False,0.003535,0.003607
MCUCXR_0144_1.png,JPEG2000,5,52260,5.0162,1.5948,50.2443,0.9944,48.9413,50.862,False,0.045369,0.027672
MCUCXR_0144_1.png,JPEG2000,10,26024,10.0732,0.7942,46.3502,0.9879,44.3303,47.4538,False,0.048867,0.016595
MCUCXR_0144_1.png,JPEG2000,20,13101,20.0095,0.3998,43.4227,0.9783,41.0099,44.8586,False,0.045189,0.012055
MCUCXR_0144_1.png,JPEG2000,40,6559,39.9671,0.2002,40.3788,0.9615,38.0021,41.7816,False,0.046312,0.009151
MCUCXR_0144_1.png,JPEG2000,80,3280,79.922,0.1001,37.0076,0.931,34.9879,38.111,False,0.046152,0.008502
MCUCXR_0144_1.png,PNG,lossless,96399,2.7194,2.9419,inf,1.0,inf,inf,True,0.176515,0.007264
MCUCXR_0150_1.png,JPEG,10,6382,41.0755,0.1948,32.8505,0.8746,31.7981,33.393,False,0.001922,0.001779
MCUCXR_0150_1.png,JPEG,20,9222,28.4259,0.2814,35.8801,0.932,34.8473,36.4105,False,0.001903,0.001514
MCUCXR_0150_1.png,JPEG,30,11616,22.5675,0.3545,37.7421,0.9545,36.5922,38.3459,False,0.002235,0.001817
MCUCXR_0150_1.png,JPEG,50,15379,17.0456,0.4693,40.0083,0.971,38.5674,40.8095,False,0.00231,0.002218
MCUCXR_0150_1.png,JPEG,70,20301,12.9129,0.6195,41.9227,0.9627,40.3771,42.8008,False,0.001939,0.00186
MCUCXR_0150_1.png,JPEG,90,36714,7.1402,1.1204,46.1277,0.9908,43.7576,47.7446,False,0.002638,0.002382
MCUCXR_0150_1.png,JPEG2000,5,52183,5.0236,1.5925,50.1177,0.9953,48.5199,51.0351,False,0.049445,0.031711
MCUCXR_0150_1.png,JPEG2000,10,26092,10.0469,0.7963,45.8362,0.9892,43.4306,47.4914,False,0.048179,0.01759
MCUCXR_0150_1.png,JPEG2000,20,13024,20.1278,0.3975,41.98,0.9767,39.2656,43.9991,False,0.045681,0.011871
MCUCXR_0150_1.png,JPEG2000,40,6535,40.1138,0.1994,38.4607,0.9534,35.8854,40.309,False,0.045484,0.008563
MCUCXR_0150_1.png,JPEG2000,80,3286,79.776,0.1003,35.1724,0.9162,32.9572,36.6289,False,0.045139,0.007062
MCUCXR_0150_1.png,PNG,lossless,95969,2.7315,2.9287,inf,1.0,inf,inf,True,0.146036,0.006937
MCUCXR_0162_1.png,JPEG,10,6538,40.0954,0.1995,32.355,0.8479,32.1793,32.463,False,0.001715,0.001368
MCUCXR_0162_1.png,JPEG,20,9542,27.4726,0.2912,35.477,0.9124,35.2611,35.6106,False,0.002043,0.001862
MCUCXR_0162_1.png,JPEG,30,12164,21.5508,0.3712,37.3754,0.9401,36.9072,37.6797,False,0.002126,0.002078
MCUCXR_0162_1.png,JPEG,50,16379,16.0049,0.4998,39.504,0.9596,38.8205,39.968,False,0.002143,0.001941
MCUCXR_0162_1.png,JPEG,70,22119,11.8515,0.675,41.5292,0.9758,40.5722,42.2175,False,0.002205,0.002297
MCUCXR_0162_1.png,JPEG,90,40817,6.4224,1.2456,45.5195,0.9885,43.9788,46.7873,False,0.002469,0.002487
MCUCXR_0162_1.png,JPEG2000,5,52402,5.0026,1.5992,48.777,0.9935,47.609,49.6572,False,0.051762,0.027071
MCUCXR_0162_1.png,JPEG2000,10,26133,10.0311,0.7975,44.4933,0.9842,42.717,46.0449,False,0.050432,0.017409
MCUCXR_0162_1.png,JPEG2000,20,13091,20.0247,0.3995,41.0325,0.9683,39.1983,42.6594,False,0.050443,0.014241
MCUCXR_0162_1.png,JPEG2000,40,6531,40.1384,0.1993,37.7824,0.9405,36.0165,39.3208,False,0.053037,0.00999
MCUCXR_0162_1.png,JPEG2000,80,3264,80.3137,0.0996,34.4595,0.8958,32.9954,35.6419,False,0.051251,0.006859
MCUCXR_0162_1.png,PNG,lossless,108764,2.4102,3.3192,inf,1.0,inf,inf,True,0.155975,0.008135
MCUCXR_0166_1.png,JPEG,10,6549,40.0281,0.1999,32.6708,0.8569,32.5619,32.73,False,0.001898,0.001536
MCUCXR_0166_1.png,JPEG,20,9302,28.1815,0.2839,35.8068,0.9241,35.6818,35.875,False,0.002147,0.002
MCUCXR_0166_1.png,JPEG,30,11717,22.373,0.3576,37.6279,0.9469,37.318,37.8028,False,0.001918,0.002229
MCUCXR_0166_1.png,JPEG,50,15755,16.6388,0.4808,39.9005,0.9657,39.3032,40.2564,False,0.002002,0.002679
MCUCXR_0166_1.png,JPEG,70,21146,12.3969,0.6453,41.977,0.9762,41.0909,42.536,False,0.002468,0.003236
MCUCXR_0166_1.png,JPEG,90,38801,6.7561,1.1841,46.0838,0.9896,44.4417,47.3057,False,0.002598,0.00244
MCUCXR_0166_1.png,JPEG2000,5,52331,5.0093,1.597,49.415,0.9941,48.1889,50.2457,False,0.049844,0.028552
MCUCXR_0166_1.png,JPEG2000,10,26035,10.0689,0.7945,45.3963,0.9865,43.4789,46.9218,False,0.04873,0.017887
MCUCXR_0166_1.png,JPEG2000,20,13080,20.0416,0.3992,41.9091,0.972,39.8179,43.6488,False,0.048297,0.012864
MCUCXR_0166_1.png,JPEG2000,40,6524,40.1815,0.1991,38.5061,0.9451,36.5088,40.1279,False,0.047723,0.008511
MCUCXR_0166_1.png,JPEG2000,80,3234,81.0588,0.0987,35.065,0.9055,33.4726,36.2362,False,0.048559,0.006656
MCUCXR_0166_1.png,PNG,lossless,102590,2.5553,3.1308,inf,1.0,inf,inf,True,0.153601,0.007888
MCUCXR_0170_1.png,JPEG,10,6352,41.2695,0.1938,32.6887,0.8535,32.6351,32.7193,False,0.001736,0.001379
MCUCXR_0170_1.png,JPEG,20,9140,28.681,0.2789,35.8368,0.92,35.6943,35.9195,False,0.001944,0.001594
MCUCXR_0170_1.png,JPEG,30,11647,22.5074,0.3554,37.6532,0.9446,37.3837,37.8132,False,0.002067,0.001848
MCUCXR_0170_1.png,JPEG,50,15651,16.7493,0.4776,39.8819,0.9646,39.3558,40.2102,False,0.002565,0.002461
MCUCXR_0170_1.png,JPEG,70,21110,12.418,0.6442,41.9869,0.9774,41.1394,42.551,False,0.002249,0.00211
MCUCXR_0170_1.png,JPEG,90,39001,6.7215,1.1902,46.0915,0.9894,44.516,47.3246,False,0.002509,0.002478
MCUCXR_0170_1.png,JPEG2000,5,52441,4.9988,1.6004,49.4132,0.994,48.218,50.2702,False,0.049418,0.026631
MCUCXR_0170_1.png,JPEG2000,10,26161,10.0204,0.7984,45.3973,0.9863,43.6035,46.8792,False,0.048928,0.017806
MCUCXR_0170_1.png,JPEG2000,20,13037,20.1077,0.3979,41.8807,0.9718,39.9154,43.578,False,0.04996,0.012502
MCUCXR_0170_1.png,JPEG2000,40,6515,40.237,0.1988,38.6431,0.9477,36.8156,40.1658,False,0.048083,0.009139
MCUCXR_0170_1.png,JPEG2000,80,3286,79.776,0.1003,35.4941,0.913,33.9068,36.7401,False,0.049204,0.007011
MCUCXR_0170_1.png,PNG,lossless,104577,2.5067,3.1914,inf,1.0,inf,inf,True,0.166528,0.009407
MCUCXR_0173_1.png,JPEG,10,6437,40.7246,0.1964,32.5554,0.8507,32.383,32.6439,False,0.001534,0.001182
MCUCXR_0173_1.png,JPEG,20,9283,28.2391,0.2833,35.7727,0.9188,35.4373,35.9502,False,0.002636,0.00205
MCUCXR_0173_1.png,JPEG,30,11820,22.178,0.3607,37.523,0.9426,37.0634,37.7718,False,0.002146,0.002123
MCUCXR_0173_1.png,JPEG,50,16056,16.3269,0.49,39.5979,0.9615,38.9562,39.9572,False,0.002151,0.002031
MCUCXR_0173_1.png,JPEG,70,21878,11.9821,0.6677,41.5394,0.9692,40.7337,42.0049,False,0.002528,0.002117
MCUCXR_0173_1.png,JPEG,90,40968,6.3988,1.2502,45.4223,0.987,43.9697,46.3808,False,0.00304,0.002926
MCUCXR_0173_1.png,JPEG2000,5,52411,5.0017,1.5995,48.3284,0.9922,47.5096,48.8026,False,0.050494,0.02836
MCUCXR_0173_1.png,JPEG2000,10,26052,10.0623,0.795,44.326,0.9823,42.8025,45.3471,False,0.052853,0.017168
MCUCXR_0173_1.png,JPEG2000,20,13020,20.1339,0.3973,41.1922,0.967,39.3764,42.493,False,0.052789,0.011486
MCUCXR_0173_1.png,JPEG2000,40,6532,40.1323,0.1993,38.0219,0.9398,36.2659,39.2623,False,0.050975,0.008269
MCUCXR_0173_1.png,JPEG2000,80,3293,79.6064,0.1005,35.0209,0.9053,33.7063,35.8629,False,0.051435,0.00744
MCUCXR_0173_1.png,PNG,lossless,111609,2.3488,3.406,inf,1.0,inf,inf,True,0.154246,0.008031
MCUCXR_0182_1.png,JPEG,10,6204,42.254,0.1893,33.0264,0.8631,32.7152,33.1467,False,0.001848,0.001434
MCUCXR_0182_1.png,JPEG,20,8844,29.6409,0.2699,36.3255,0.9279,35.7671,36.5504,False,0.002023,0.001535
MCUCXR_0182_1.png,JPEG,30,11197,23.412,0.3417,38.1026,0.9499,37.4719,38.3597,False,0.002371,0.001975
MCUCXR_0182_1.png,JPEG,50,14999,17.4774,0.4577,40.3229,0.9679,39.4898,40.6745,False,0.002102,0.002649
MCUCXR_0182_1.png,JPEG,70,20158,13.0045,0.6152,42.3251,0.9726,41.2917,42.777,False,0.002257,0.002562
MCUCXR_0182_1.png,JPEG,90,37269,7.0338,1.1374,46.4395,0.9898,44.705,47.3043,False,0.002143,0.002168
MCUCXR_0182_1.png,JPEG2000,5,51766,5.064,1.5798,49.6076,0.994,48.3415,50.1851,False,0.048524,0.028443
MCUCXR_0182_1.png,JPEG2000,10,26191,10.0089,0.7993,45.9009,0.9876,43.9805,46.8948,False,0.049678,0.017512
MCUCXR_0182_1.png,JPEG2000,20,13102,20.0079,0.3998,42.6392,0.9765,40.4574,43.8314,False,0.055322,0.014773
MCUCXR_0182_1.png,JPEG2000,40,6509,40.2741,0.1986,39.2049,0.9543,37.1212,40.3202,False,0.047279,0.006778
MCUCXR_0182_1.png,JPEG2000,80,3267,80.24,0.0997,35.9607,0.9205,34.3208,36.7634,False,0.043865,0.006957
MCUCXR_0182_1.png,PNG,lossless,102834,2.5492,3.1382,inf,1.0,inf,inf,True,0.197816,0.007718
MCUCXR_0188_1.png,JPEG,10,6392,41.0113,0.1951,32.7154,0.853,32.4672,32.8503,False,0.001745,0.001385
MCUCXR_0188_1.png,JPEG,20,9221,28.429,0.2814,35.9581,0.9252,35.5723,36.1732,False,0.002191,0.00197
MCUCXR_0188_1.png,JPEG,30,11592,22.6142,0.3538,38.039,0.949,37.3047,38.4766,False,0.002128,0.001895
MCUCXR_0188_1.png,JPEG,50,15521,16.8896,0.4737,40.1048,0.9676,39.2463,40.6292,False,0.001849,0.001734
MCUCXR_0188_1.png,JPEG,70,20694,12.6676,0.6315,42.2381,0.9753,41.0905,42.9817,False,0.002614,0.002189
MCUCXR_0188_1.png,JPEG,90,37900,6.9167,1.1566,46.3701,0.9901,44.5035,47.7931,False,0.002334,0.002164
MCUCXR_0188_1.png,JPEG2000,5,51877,5.0532,1.5832,49.7922,0.9946,48.4036,50.7397,False,0.049502,0.026188
MCUCXR_0188_1.png,JPEG2000,10,26150,10.0246,0.798,45.7741,0.9877,43.8157,47.3013,False,0.047677,0.021482
MCUCXR_0188_1.png,JPEG2000,20,13088,20.0293,0.3994,42.1882,0.974,39.9016,44.1302,False,0.047465,0.012594
MCUCXR_0188_1.png,JPEG2000,40,6470,40.5168,0.1974,38.6902,0.9473,36.4974,40.5064,False,0.049587,0.010221
MCUCXR_0188_1.png,JPEG2000,80,3293,79.6064,0.1005,35.4578,0.9068,33.6924,36.7712,False,0.04701,0.007576
MCUCXR_0188_1.png,PNG,lossless,100072,2.6196,3.054,inf,1.0,inf,inf,True,0.165113,0.007508
MCUCXR_0194_1.png,JPEG,10,6122,42.82,0.1868,32.9033,0.8783,32.7141,32.9643,False,0.001889,0.001479
MCUCXR_0194_1.png,JPEG,20,8521,30.7645,0.26,36.2181,0.9284,35.7276,36.3839,False,0.002369,0.001664
MCUCXR_0194_1.png,JPEG,30,10605,24.7189,0.3236,37.8876,0.9509,37.2949,38.0912,False,0.002057,0.002024
MCUCXR_0194_1.png,JPEG,50,14050,18.6579,0.4288,40.1945,0.9673,39.1978,40.5605,False,0.001968,0.001931
MCUCXR_0194_1.png,JPEG,70,18637,14.0658,0.5688,42.1724,0.9634,40.8752,42.6738,False,0.002003,0.001811
MCUCXR_0194_1.png,JPEG,90,34150,7.6763,1.0422,46.5162,0.9901,44.186,47.6089,False,0.001892,0.001659
MCUCXR_0194_1.png,JPEG2000,5,52295,5.0128,1.5959,50.7752,0.9953,49.278,51.3748,False,0.044123,0.026318
MCUCXR_0194_1.png,JPEG2000,10,26169,10.0173,0.7986,46.5545,0.989,44.1629,47.69,False,0.044178,0.016787
MCUCXR_0194_1.png,JPEG2000,20,13084,20.0355,0.3993,43.2517,0.9786,40.4599,44.6936,False,0.04053,0.011568
MCUCXR_0194_1.png,JPEG2000,40,6562,39.9488,0.2003,39.8672,0.9597,37.3067,41.1261,False,0.045949,0.00721
MCUCXR_0194_1.png,JPEG2000,80,3262,80.363,0.0995,36.3736,0.9264,34.2211,37.348,False,0.044014,0.006298
MCUCXR_0194_1.png,PNG,lossless,91138,2.8763,2.7813,inf,1.0,inf,inf,True,0.132988,0.006524
MCUCXR_0195_1.png,JPEG,10,6189,42.3564,0.1889,32.9655,0.8834,32.3486,33.1762,False,0.001594,0.00138
MCUCXR_0195_1.png,JPEG,20,8651,30.3022,0.264,36.2437,0.9366,35.5443,36.4859,False,0.001396,0.001624
MCUCXR_0195_1.png,JPEG,30,10765,24.3515,0.3285,38.2135,0.9568,37.3424,38.5238,False,0.001422,0.001159
MCUCXR_0195_1.png,JPEG,50,14243,18.4051,0.4347,40.5556,0.9723,39.3647,41.0033,False,0.002072,0.001622
MCUCXR_0195_1.png,JPEG,70,18830,13.9216,0.5746,42.4374,0.9536,41.3088,42.8571,False,0.001677,0.00147
MCUCXR_0195_1.png,JPEG,90,33787,7.7587,1.0311,47.0908,0.9918,44.7614,48.1717,False,0.001774,0.001704
MCUCXR_0195_1.png,JPEG2000,5,52319,5.0105,1.5966,51.3169,0.9962,49.634,52.007,False,0.042047,0.026343
MCUCXR_0195_1.png,JPEG2000,10,26211,10.0013,0.7999,46.8536,0.9905,44.4344,47.9968,False,0.042611,0.016986
MCUCXR_0195_1.png,JPEG2000,20,13101,20.0095,0.3998,43.3021,0.9807,40.4769,44.756,False,0.04229,0.012622
MCUCXR_0195_1.png,JPEG2000,40,6510,40.2679,0.1987,39.5368,0.9587,36.9093,40.833,False,0.043742,0.009735
MCUCXR_0195_1.png,JPEG2000,80,3201,81.8944,0.0977,35.7248,0.9181,33.5801,36.6844,False,0.047684,0.0086
MCUCXR_0195_1.png,PNG,lossless,85564,3.0637,2.6112,inf,1.0,inf,inf,True,0.132749,0.007192
MCUCXR_0196_1.png,JPEG,10,6361,41.2111,0.1941,32.9901,0.8889,31.4715,33.6139,False,0.001472,0.001243
MCUCXR_0196_1.png,JPEG,20,9051,28.963,0.2762,36.1211,0.9362,34.4482,36.828,False,0.001566,0.001174
MCUCXR_0196_1.png,JPEG,30,11171,23.4665,0.3409,38.1009,0.9585,36.1265,38.984,False,0.001542,0.001059
MCUCXR_0196_1.png,JPEG,50,14694,17.8402,0.4484,40.2293,0.9724,38.0922,41.216,False,0.002816,0.001934
MCUCXR_0196_1.png,JPEG,70,19234,13.6292,0.587,42.1531,0.9473,39.9096,43.2111,False,0.002224,0.002454
MCUCXR_0196_1.png,JPEG,90,33601,7.8017,1.0254,46.5916,0.992,43.2871,48.5603,False,0.002312,0.002412
MCUCXR_0196_1.png,JPEG2000,5,52346,5.0079,1.5975,51.8035,0.9969,49.962,52.6066,False,0.042439,0.027505
MCUCXR_0196_1.png,JPEG2000,10,25967,10.0953,0.7924,46.7044,0.9914,43.6331,48.4355,False,0.042068,0.015138
MCUCXR_0196_1.png,JPEG2000,20,13110,19.9957,0.4001,42.9191,0.9814,39.3973,45.1347,False,0.041136,0.011229
MCUCXR_0196_1.png,JPEG2000,40,6500,40.3298,0.1984,39.1865,0.9605,35.723,41.3334,False,0.041635,0.009141
MCUCXR_0196_1.png,JPEG2000,80,3293,79.6064,0.1005,35.6713,0.9243,32.5209,37.4801,False,0.040122,0.00768
MCUCXR_0196_1.png,PNG,lossless,82714,3.1693,2.5242,inf,1.0,inf,inf,True,0.111252,0.006607
MCUCXR_0203_1.png,JPEG,10,6000,43.6907,0.1831,33.5901,0.8653,32.7055,33.9525,False,0.001784,0.001505
MCUCXR_0203_1.png,JPEG,20,8369,31.3232,0.2554,36.5856,0.9172,35.6801,36.9578,False,0.001999,0.001673
MCUCXR_0203_1.png,JPEG,30,10659,24.5937,0.3253,38.4049,0.9428,37.3207,38.8647,False,0.002058,0.001791
MCUCXR_0203_1.png,JPEG,50,14197,18.4647,0.4333,40.3902,0.9598,39.2356,40.8861,False,0.002345,0.002149
MCUCXR_0203_1.png,JPEG,70,19142,13.6947,0.5842,42.2434,0.9604,40.9283,42.8248,False,0.003381,0.003621
MCUCXR_0203_1.png,JPEG,90,35080,7.4727,1.0706,46.2613,0.9889,44.1906,47.3206,False,0.002217,0.002488
MCUCXR_0203_1.png,JPEG2000,5,52141,5.0276,1.5912,49.889,0.9944,48.4818,50.5218,False,0.044698,0.030293
MCUCXR_0203_1.png,JPEG2000,10,26185,10.0112,0.7991,45.9955,0.9875,43.9783,47.0162,False,0.048269,0.017212
MCUCXR_0203_1.png,JPEG2000,20,13076,20.0477,0.399,42.8231,0.9765,40.4747,44.0965,False,0.051959,0.012092
MCUCXR_0203_1.png,JPEG2000,40,6540,40.0832,0.1996,39.7268,0.9572,37.445,40.9466,False,0.045947,0.010189
MCUCXR_0203_1.png,JPEG2000,80,3206,81.7667,0.0978,36.4263,0.9251,34.5653,37.3389,False,0.046254,0.008617
MCUCXR_0203_1.png,PNG,lossless,93562,2.8018,2.8553,inf,1.0,inf,inf,True,0.132078,0.008644
MCUCXR_0213_1.png,JPEG,10,6241,42.0035,0.1905,32.8671,0.8471,33.0256,32.8144,False,0.001918,0.001547
MCUCXR_0213_1.png,JPEG,20,8582,30.5458,0.2619,36.0868,0.929,36.0426,36.102,False,0.001766,0.00163
MCUCXR_0213_1.png,JPEG,30,10662,24.5868,0.3254,37.8884,0.9503,37.7436,37.9388,False,0.002892,0.002126
MCUCXR_0213_1.png,JPEG,50,14185,18.4804,0.4329,40.1221,0.9664,39.6582,40.292,False,0.00331,0.002177
MCUCXR_0213_1.png,JPEG,70,18980,13.8116,0.5792,42.3583,0.9784,41.3991,42.7401,False,0.002445,0.00266
MCUCXR_0213_1.png,JPEG,90,35219,7.4433,1.0748,46.6663,0.9904,44.6823,47.6201,False,0.002402,0.002553
MCUCXR_0213_1.png,JPEG2000,5,51813,5.0594,1.5812,50.5386,0.9951,49.1961,51.1104,False,0.046325,0.02859
MCUCXR_0213_1.png,JPEG2000,10,25816,10.1543,0.7878,46.4046,0.9885,44.3736,47.3902,False,0.045287,0.01724
MCUCXR_0213_1.png,JPEG2000,20,13097,20.0156,0.3997,43.315,0.9787,40.9644,44.5329,False,0.045599,0.012329
MCUCXR_0213_1.png,JPEG2000,40,6518,40.2185,0.1989,39.8728,0.9576,37.7007,40.9573,False,0.049427,0.009499
MCUCXR_0213_1.png,JPEG2000,80,3276,80.0195,0.1,36.3451,0.9259,34.5435,37.1809,False,0.045669,0.006901
MCUCXR_0213_1.png,PNG,lossless,95358,2.7491,2.9101,inf,1.0,inf,inf,True,0.178219,0.008596
MCUCXR_0218_1.png,JPEG,10,6310,41.5442,0.1926,32.8097,0.8661,32.0591,33.1824,False,0.001974,0.001625
MCUCXR_0218_1.png,JPEG,20,9120,28.7439,0.2783,36.0965,0.9253,35.1199,36.6021,False,0.002666,0.001775
MCUCXR_0218_1.png,JPEG,30,11522,22.7516,0.3516,37.9844,0.9496,36.8304,38.6025,False,0.002092,0.00179
MCUCXR_0218_1.png,JPEG,50,15479,16.9355,0.4724,40.27,0.9677,38.9195,41.0218,False,0.002134,0.002593
MCUCXR_0218_1.png,JPEG,70,20604,12.723,0.6288,42.3645,0.9794,40.7331,43.3267,False,0.002324,0.002048
MCUCXR_0218_1.png,JPEG,90,37634,6.9656,1.1485,46.476,0.9906,44.1795,48.0481,False,0.002393,0.00244
MCUCXR_0218_1.png,JPEG2000,5,51994,5.0418,1.5867,49.9609,0.9949,48.4087,50.8613,False,0.049073,0.028428
MCUCXR_0218_1.png,JPEG2000,10,26189,10.0097,0.7992,45.9464,0.9886,43.6942,47.472,False,0.046491,0.017373
MCUCXR_0218_1.png,JPEG2000,20,13101,20.0095,0.3998,42.3157,0.9762,39.7497,44.1936,False,0.047724,0.012097
MCUCXR_0218_1.png,JPEG2000,40,6567,39.9184,0.2004,38.8349,0.9535,36.3694,40.5941,False,0.047634,0.009311
MCUCXR_0218_1.png,JPEG2000,80,3277,79.9951,0.1,35.4652,0.9187,33.2961,36.906,False,0.047051,0.00705
MCUCXR_0218_1.png,PNG,lossless,101494,2.5829,3.0974,inf,1.0,inf,inf,True,0.171583,0.006946
MCUCXR_0223_1.png,JPEG,10,6156,42.5835,0.1879,33.1694,0.869,32.8922,33.2744,False,0.001725,0.001333
MCUCXR_0223_1.png,JPEG,20,8643,30.3302,0.2638,36.3916,0.9287,35.9336,36.5701,False,0.00218,0.0022
MCUCXR_0223_1.png,JPEG,30,10867,24.1229,0.3316,38.2942,0.9503,37.6344,38.5602,False,0.002078,0.001847
MCUCXR_0223_1.png,JPEG,50,14479,18.1051,0.4419,40.446,0.9681,39.6308,40.7836,False,0.002304,0.002272
MCUCXR_0223_1.png,JPEG,70,19532,13.4213,0.5961,42.5662,0.9745,41.4518,43.0525,False,0.002185,0.002395
MCUCXR_0223_1.png,JPEG,90,36252,7.2312,1.1063,46.7499,0.99,44.7966,47.7499,False,0.003071,0.002649
MCUCXR_0223_1.png,JPEG2000,5,52392,5.0035,1.5989,50.0784,0.9945,49.218,50.4374,False,0.045366,0.02864
MCUCXR_0223_1.png,JPEG2000,10,26197,10.0066,0.7995,46.2169,0.9879,44.3351,47.1665,False,0.046425,0.017475
MCUCXR_0223_1.png,JPEG2000,20,13086,20.0324,0.3994,43.1834,0.9777,40.8751,44.4562,False,0.0494,0.011739
MCUCXR_0223_1.png,JPEG2000,40,6518,40.2185,0.1989,39.98,0.9592,37.7874,41.1596,False,0.053234,0.010405
MCUCXR_0223_1.png,JPEG2000,80,3240,80.9086,0.0989,36.6457,0.9278,34.7892,37.5778,False,0.049627,0.007741
MCUCXR_0223_1.png,PNG,lossless,100935,2.5972,3.0803,inf,1.0,inf,inf,True,0.210822,0.007809
MCUCXR_0228_1.png,JPEG,10,6260,41.876,0.191,33.0036,0.8805,31.9968,33.4521,False,0.001979,0.003529
MCUCXR_0228_1.png,JPEG,20,8916,29.4015,0.2721,36.2201,0.9374,35.0989,36.73,False,0.002057,0.00193
MCUCXR_0228_1.png,JPEG,30,11047,23.7299,0.3371,38.1751,0.9573,36.8288,38.8133,False,0.002049,0.001904
MCUCXR_0228_1.png,JPEG,50,14573,17.9883,0.4447,40.3625,0.9721,38.8126,41.1263,False,0.002355,0.002277
MCUCXR_0228_1.png,JPEG,70,19197,13.6555,0.5858,42.1591,0.9546,40.6063,42.9248,False,0.001958,0.002238
MCUCXR_0228_1.png,JPEG,90,34593,7.5779,1.0557,46.5159,0.9913,44.0365,48.0002,False,0.002317,0.002769
MCUCXR_0228_1.png,JPEG2000,5,52275,5.0147,1.5953,50.7638,0.9959,49.1931,51.541,False,0.043278,0.026895
MCUCXR_0228_1.png,JPEG2000,10,25861,10.1367,0.7892,46.372,0.9901,43.7977,47.9473,False,0.042559,0.015808
MCUCXR_0228_1.png,JPEG2000,20,13028,20.1216,0.3976,42.7618,0.9796,39.9051,44.6321,False,0.04295,0.011407
MCUCXR_0228_1.png,JPEG2000,40,6547,40.0403,0.1998,39.2303,0.959,36.4364,41.0315,False,0.041976,0.007563
MCUCXR_0228_1.png,JPEG2000,80,3286,79.776,0.1003,35.8279,0.9239,33.4179,37.2483,False,0.041266,0.00601
MCUCXR_0228_1.png,PNG,lossless,89168,2.9399,2.7212,inf,1.0,inf,inf,True,0.106977,0.005966
MCUCXR_0243_1.png,JPEG,10,6190,42.3496,0.1889,32.9716,0.8581,32.6829,33.1175,False,0.002209,0.002096
MCUCXR_0243_1.png,JPEG,20,8831,29.6845,0.2695,36.242,0.9243,35.7692,36.489,False,0.001125,0.001343
MCUCXR_0243_1.png,JPEG,30,11227,23.3494,0.3426,38.1177,0.9468,37.4253,38.4943,False,0.001478,0.001542
MCUCXR_0243_1.png,JPEG,50,15165,17.2861,0.4628,40.2533,0.9657,39.3503,40.7646,False,0.001623,0.001486
MCUCXR_0243_1.png,JPEG,70,20520,12.775,0.6262,42.2949,0.9745,41.1767,42.9556,False,0.001537,0.001611
MCUCXR_0243_1.png,JPEG,90,38360,6.8338,1.1707,46.2887,0.989,44.4955,47.5131,False,0.001744,0.002403
MCUCXR_0243_1.png,JPEG2000,5,52343,5.0082,1.5974,49.3338,0.9936,48.2072,50.0006,False,0.047268,0.026403
MCUCXR_0243_1.png,JPEG2000,10,26214,10.0002,0.8,45.5486,0.9862,43.8594,46.675,False,0.047992,0.015663
MCUCXR_0243_1.png,JPEG2000,20,13106,20.0018,0.4,42.4028,0.9742,40.385,43.855,False,0.04583,0.0107
MCUCXR_0243_1.png,JPEG2000,40,6520,40.2061,0.199,39.1216,0.9509,37.0095,40.6769,False,0.046328,0.008437
MCUCXR_0243_1.png,JPEG2000,80,3286,79.776,0.1003,36.041,0.9163,34.2586,37.255,False,0.048454,0.008705
MCUCXR_0243_1.png,PNG,lossless,106058,2.4717,3.2366,inf,1.0,inf,inf,True,0.193948,0.010327
MCUCXR_0251_1.png,JPEG,10,6443,40.6866,0.1966,32.7755,0.8606,32.1173,32.9901,False,0.002098,0.002417
MCUCXR_0251_1.png,JPEG,20,9069,28.9055,0.2768,35.5806,0.9004,35.0027,35.7667,False,0.002134,0.001964
MCUCXR_0251_1.png,JPEG,30,11430,22.9347,0.3488,37.4371,0.935,36.6116,37.7136,False,0.002073,0.001618
MCUCXR_0251_1.png,JPEG,50,15285,17.1504,0.4665,39.5853,0.9531,38.442,39.9889,False,0.002008,0.001966
MCUCXR_0251_1.png,JPEG,70,20463,12.8106,0.6245,41.6796,0.969,40.1151,42.2734,False,0.002354,0.003319
MCUCXR_0251_1.png,JPEG,90,37253,7.0369,1.1369,45.8815,0.9897,43.3923,47.0056,False,0.002194,0.001893
MCUCXR_0251_1.png,JPEG2000,5,52414,5.0014,1.5995,50.0672,0.9952,48.3897,50.7168,False,0.046029,0.026807
MCUCXR_0251_1.png,JPEG2000,10,26064,10.0577,0.7954,45.3171,0.9867,42.891,46.399,False,0.046833,0.017288
MCUCXR_0251_1.png,JPEG2000,20,13031,20.117,0.3977,41.6017,0.9704,38.7675,42.9761,False,0.047073,0.012411
MCUCXR_0251_1.png,JPEG2000,40,6315,41.5113,0.1927,37.9669,0.9389,35.389,39.152,False,0.047727,0.008903
MCUCXR_0251_1.png,JPEG2000,80,3249,80.6845,0.0992,34.7063,0.897,32.6347,35.5688,False,0.049297,0.007161
MCUCXR_0251_1.png,PNG,lossless,93540,2.8025,2.8546,inf,1.0,inf,inf,True,0.1155,0.006665
MCUCXR_0253_1.png,JPEG,10,6405,40.928,0.1955,32.4467,0.8664,31.637,32.7786,False,0.002018,0.003346
MCUCXR_0253_1.png,JPEG,20,9241,28.3675,0.282,35.7028,0.9267,34.6356,36.1604,False,0.002199,0.001773
MCUCXR_0253_1.png,JPEG,30,11603,22.5928,0.3541,37.4637,0.9495,36.2689,37.9879,False,0.002971,0.003298
MCUCXR_0253_1.png,JPEG,50,15373,17.0522,0.4691,39.8281,0.9672,38.112,40.6583,False,0.002438,0.002114
MCUCXR_0253_1.png,JPEG,70,20367,12.871,0.6216,41.7524,0.9554,39.8641,42.6975,False,0.002857,0.00253
MCUCXR_0253_1.png,JPEG,90,36457,7.1905,1.1126,46.0785,0.9901,43.1605,47.9092,False,0.002485,0.003167
MCUCXR_0253_1.png,JPEG2000,5,52338,5.0087,1.5972,50.2359,0.9953,48.4428,51.1165,False,0.047927,0.02755
MCUCXR_0253_1.png,JPEG2000,10,26054,10.0616,0.7951,45.6272,0.9881,42.8541,47.3077,False,0.049619,0.017063
MCUCXR_0253_1.png,JPEG2000,20,13117,19.9851,0.4003,41.8127,0.9739,38.6136,43.9662,False,0.047407,0.011439
MCUCXR_0253_1.png,JPEG2000,40,6553,40.0037,0.2,38.3897,0.9488,35.4588,40.2343,False,0.04777,0.009768
MCUCXR_0253_1.png,JPEG2000,80,3285,79.8003,0.1003,34.9244,0.9065,32.4514,36.3239,False,0.04626,0.009457
MCUCXR_0253_1.png,PNG,lossless,92844,2.8235,2.8334,inf,1.0,inf,inf,True,0.123645,0.007316
MCUCXR_0254_1.png,JPEG,10,5973,43.8882,0.1823,33.2127,0.8717,32.7653,33.4482,False,0.002364,0.001859
MCUCXR_0254_1.png,JPEG,20,8520,30.7681,0.26,36.5614,0.9334,36.1605,36.7706,False,0.002029,0.001694
MCUCXR_0254_1.png,JPEG,30,10753,24.3787,0.3282,38.4773,0.955,38.0731,38.6884,False,0.00247,0.002413
MCUCXR_0254_1.png,JPEG,50,14385,18.2234,0.439,40.9283,0.9719,40.2698,41.2886,False,0.002105,0.00197
MCUCXR_0254_1.png,JPEG,70,19336,13.5573,0.5901,43.2022,0.9814,42.3798,43.6663,False,0.001953,0.001836
MCUCXR_0254_1.png,JPEG,90,35142,7.4596,1.0724,47.7107,0.9922,46.0663,48.8111,False,0.002444,0.002374
MCUCXR_0254_1.png,JPEG2000,5,52078,5.0337,1.5893,51.1263,0.9957,50.2031,51.6577,False,0.044461,0.026776
MCUCXR_0254_1.png,JPEG2000,10,26059,10.0596,0.7953,46.9618,0.99,45.2177,48.1555,False,0.044818,0.017665
MCUCXR_0254_1.png,JPEG2000,20,13074,20.0508,0.399,43.6922,0.981,41.6835,45.1551,False,0.044974,0.011888
MCUCXR_0254_1.png,JPEG2000,40,6532,40.1323,0.1993,40.1301,0.9628,38.1535,41.5584,False,0.049946,0.009293
MCUCXR_0254_1.png,JPEG2000,80,3288,79.7275,0.1003,36.4666,0.9313,34.6675,37.7135,False,0.041709,0.007124
MCUCXR_0254_1.png,PNG,lossless,95518,2.7444,2.915,inf,1.0,inf,inf,True,0.199173,0.007247
MCUCXR_0255_1.png,JPEG,10,6329,41.4195,0.1931,33.0124,0.8649,32.6587,33.2022,False,0.001763,0.002219
MCUCXR_0255_1.png,JPEG,20,8953,29.28,0.2732,36.4121,0.9258,35.9116,36.6879,False,0.002701,0.002446
MCUCXR_0255_1.png,JPEG,30,11318,23.1617,0.3454,38.2965,0.9497,37.609,38.689,False,0.002064,0.001815
MCUCXR_0255_1.png,JPEG,50,15106,17.3536,0.461,40.5817,0.9677,39.6731,41.1232,False,0.002112,0.002293
MCUCXR_0255_1.png,JPEG,70,20333,12.8925,0.6205,42.6206,0.977,41.4978,43.3193,False,0.002074,0.002999
MCUCXR_0255_1.png,JPEG,90,37473,6.9955,1.1436,46.7544,0.9905,44.9288,48.0809,False,0.003258,0.003012
MCUCXR_0255_1.png,JPEG2000,5,52227,5.0193,1.5938,49.8694,0.9946,48.7747,50.5467,False,0.048852,0.026672
MCUCXR_0255_1.png,JPEG2000,10,25996,10.084,0.7933,45.9241,0.9878,44.044,47.308,False,0.046448,0.016901
MCUCXR_0255_1.png,JPEG2000,20,13071,20.0554,0.3989,42.7214,0.977,40.6414,44.3294,False,0.046736,0.011806
MCUCXR_0255_1.png,JPEG2000,40,6517,40.2246,0.1989,39.3114,0.9549,37.4082,40.7201,False,0.045648,0.00824
MCUCXR_0255_1.png,JPEG2000,80,3285,79.8003,0.1003,36.0688,0.9223,34.3379,37.2988,False,0.046958,0.007284
MCUCXR_0255_1.png,PNG,lossless,102413,2.5597,3.1254,inf,1.0,inf,inf,True,0.186878,0.008247
MCUCXR_0258_1.png,JPEG,10,5492,47.732,0.1676,33.8509,0.8842,32.9134,34.0729,False,0.002114,0.001518
MCUCXR_0258_1.png,JPEG,20,7265,36.0831,0.2217,37.1242,0.9539,36.0619,37.3806,False,0.00178,0.001509
MCUCXR_0258_1.png,JPEG,30,8734,30.0142,0.2665,39.0281,0.9677,37.7443,39.3486,False,0.00184,0.001677
MCUCXR_0258_1.png,JPEG,50,11217,23.3702,0.3423,41.25,0.9796,39.7384,41.641,False,0.001897,0.001593
MCUCXR_0258_1.png,JPEG,70,14443,18.1502,0.4408,43.3767,0.9484,41.5801,43.8633,False,0.002217,0.00334
MCUCXR_0258_1.png,JPEG,90,25046,10.4665,0.7643,48.5199,0.9944,45.0418,49.7919,False,0.002478,0.002113
MCUCXR_0258_1.png,JPEG2000,5,52426,5.0003,1.5999,67.7057,0.9999,71.1151,67.2427,False,0.033533,0.029504
MCUCXR_0258_1.png,JPEG2000,10,26142,10.0277,0.7978,51.0782,0.9961,47.3555,52.5085,False,0.033596,0.017411
MCUCXR_0258_1.png,JPEG2000,20,13013,20.1448,0.3971,46.2828,0.9891,42.0919,48.0615,False,0.034354,0.012368
MCUCXR_0258_1.png,JPEG2000,40,6553,40.0037,0.2,42.7743,0.9781,38.657,44.4938,False,0.033335,0.010434
MCUCXR_0258_1.png,JPEG2000,80,3255,80.5358,0.0993,38.6188,0.9541,34.9062,40.0422,False,0.031794,0.007045
MCUCXR_0258_1.png,PNG,lossless,61016,4.2963,1.8621,inf,1.0,inf,inf,True,0.103039,0.005282
MCUCXR_0264_1.png,JPEG,10,6241,42.0035,0.1905,33.4418,0.8646,32.3705,33.8898,False,0.002746,0.001555
MCUCXR_0264_1.png,JPEG,20,8538,30.7032,0.2606,36.8673,0.9351,35.4625,37.4911,False,0.002738,0.001831
MCUCXR_0264_1.png,JPEG,30,10539,24.8737,0.3216,38.4861,0.953,37.1701,39.0611,False,0.002382,0.002058
MCUCXR_0264_1.png,JPEG,50,13930,18.8187,0.4251,40.8987,0.9727,39.1167,41.7485,False,0.002098,0.00184
MCUCXR_0264_1.png,JPEG,70,18364,14.2749,0.5604,42.7836,0.9594,40.9406,43.6732,False,0.002128,0.001952
MCUCXR_0264_1.png,JPEG,90,32746,8.0054,0.9993,47.1136,0.9919,44.3385,48.7465,False,0.00231,0.002803
MCUCXR_0264_1.png,JPEG2000,5,52246,5.0175,1.5944,52.0018,0.9968,50.4828,52.6908,False,0.043483,0.02717
MCUCXR_0264_1.png,JPEG2000,10,26037,10.0681,0.7946,47.2073,0.9914,44.5811,48.7009,False,0.044806,0.018132
MCUCXR_0264_1.png,JPEG2000,20,13065,20.0646,0.3987,43.7868,0.9821,40.693,45.7519,False,0.042802,0.014057
MCUCXR_0264_1.png,JPEG2000,40,6508,40.2803,0.1986,40.2227,0.9642,37.2812,42.023,False,0.042609,0.009619
MCUCXR_0264_1.png,JPEG2000,80,3285,79.8003,0.1003,36.631,0.9302,34.0189,38.1121,False,0.043495,0.009324
MCUCXR_0264_1.png,PNG,lossless,83426,3.1422,2.546,inf,1.0,inf,inf,True,0.123833,0.00595
MCUCXR_0266_1.png,JPEG,10,5686,46.1034,0.1735,33.4359,0.8717,33.1444,33.5458,False,0.001858,0.001539
MCUCXR_0266_1.png,JPEG,20,7894,33.208,0.2409,36.7046,0.9299,36.2265,36.8904,False,0.002001,0.001596
MCUCXR_0266_1.png,JPEG,30,9974,26.2827,0.3044,38.487,0.9508,37.9355,38.7039,False,0.002024,0.002042
MCUCXR_0266_1.png,JPEG,50,13354,19.6304,0.4075,40.6611,0.9682,39.9043,40.9694,False,0.00193,0.002672
MCUCXR_0266_1.png,JPEG,70,18158,14.4368,0.5541,42.831,0.9782,41.7106,43.3175,False,0.002001,0.002998
MCUCXR_0266_1.png,JPEG,90,34158,7.6745,1.0424,46.8959,0.9894,44.9926,47.854,False,0.002176,0.002184
MCUCXR_0266_1.png,JPEG2000,5,52326,5.0098,1.5969,50.2086,0.9941,49.4929,50.4982,False,0.046263,0.026921
MCUCXR_0266_1.png,JPEG2000,10,25921,10.1132,0.791,46.4239,0.9876,44.6503,47.2941,False,0.048504,0.018071
MCUCXR_0266_1.png,JPEG2000,20,12988,20.1836,0.3964,43.6331,0.9784,41.3262,44.896,False,0.046745,0.01292
MCUCXR_0266_1.png,JPEG2000,40,6494,40.3671,0.1982,40.6802,0.9632,38.3186,41.9884,False,0.045562,0.009722
MCUCXR_0266_1.png,JPEG2000,80,3293,79.6064,0.1005,37.5276,0.9382,35.5918,38.5085,False,0.047912,0.007676
MCUCXR_0266_1.png,PNG,lossless,99322,2.6393,3.0311,inf,1.0,inf,inf,True,0.199822,0.007248
MCUCXR_0275_1.png,JPEG,10,6241,42.0035,0.1905,32.7103,0.8706,32.3525,32.8547,False,0.001834,0.00149
MCUCXR_0275_1.png,JPEG,20,8863,29.5773,0.2705,35.8166,0.9273,35.3575,36.0051,False,0.002278,0.001726
MCUCXR_0275_1.png,JPEG,30,11156,23.498,0.3405,37.7005,0.9503,36.9585,38.0201,False,0.001939,0.001658
MCUCXR_0275_1.png,JPEG,50,14813,17.6969,0.4521,39.98,0.9674,38.8877,40.4805,False,0.001965,0.001748
MCUCXR_0275_1.png,JPEG,70,19696,13.3095,0.6011,42.0472,0.9637,40.673,42.7109,False,0.002012,0.002077
MCUCXR_0275_1.png,JPEG,90,35733,7.3362,1.0905,46.4464,0.9902,44.0195,47.9033,False,0.00235,0.003436
MCUCXR_0275_1.png,JPEG2000,5,52107,5.0309,1.5902,50.6136,0.9954,48.9424,51.4684,False,0.045059,0.027752
MCUCXR_0275_1.png,JPEG2000,10,25802,10.1598,0.7874,46.306,0.9888,43.8355,47.8038,False,0.045383,0.017111
MCUCXR_0275_1.png,JPEG2000,20,13036,20.1092,0.3978,42.6186,0.9763,39.8062,44.4681,False,0.044095,0.011624
MCUCXR_0275_1.png,JPEG2000,40,6370,41.1529,0.1944,38.9638,0.9515,36.2306,40.7268,False,0.044879,0.009779
MCUCXR_0275_1.png,JPEG2000,80,3293,79.6064,0.1005,35.7032,0.9159,33.5577,36.9135,False,0.04563,0.007348
MCUCXR_0275_1.png,PNG,lossless,92382,2.8376,2.8193,inf,1.0,inf,inf,True,0.149965,0.007165
MCUCXR_0282_1.png,JPEG,10,6507,40.2865,0.1986,32.091,0.8579,31.3653,32.4459,False,0.002446,0.002008
MCUCXR_0282_1.png,JPEG,20,9609,27.2811,0.2932,35.2376,0.9229,34.4515,35.6263,False,0.002482,0.002188
MCUCXR_0282_1.png,JPEG,30,12090,21.6827,0.369,37.0391,0.9456,36.0736,37.5327,False,0.002311,0.002665
MCUCXR_0282_1.png,JPEG,50,16333,16.05,0.4984,39.2332,0.9643,37.9427,39.9355,False,0.002019,0.003316
MCUCXR_0282_1.png,JPEG,70,21981,11.9259,0.6708,41.3234,0.9718,39.7189,42.2538,False,0.002275,0.001842
MCUCXR_0282_1.png,JPEG,90,40348,6.4971,1.2313,45.4519,0.9889,43.1086,47.0548,False,0.002395,0.003083
MCUCXR_0282_1.png,JPEG2000,5,52313,5.0111,1.5965,49.2461,0.9943,47.765,50.0835,False,0.047981,0.027074
MCUCXR_0282_1.png,JPEG2000,10,26016,10.0763,0.7939,44.5545,0.9852,42.2975,46.0669,False,0.049673,0.016507
MCUCXR_0282_1.png,JPEG2000,20,13062,20.0692,0.3986,40.8994,0.9689,38.4231,42.6493,False,0.050052,0.011707
MCUCXR_0282_1.png,JPEG2000,40,6543,40.0648,0.1997,37.5004,0.9422,35.0987,39.1667,False,0.048894,0.009726
MCUCXR_0282_1.png,JPEG2000,80,3271,80.1419,0.0998,34.2511,0.8987,32.0888,35.6681,False,0.048939,0.007136
MCUCXR_0282_1.png,PNG,lossless,103646,2.5292,3.163,inf,1.0,inf,inf,True,0.152448,0.007006
MCUCXR_0289_1.png,JPEG,10,5850,44.8109,0.1785,32.8271,0.875,32.8733,32.8127,False,0.001684,0.001553
MCUCXR_0289_1.png,JPEG,20,8298,31.5912,0.2532,36.4099,0.9337,36.0555,36.5279,False,0.001995,0.001695
MCUCXR_0289_1.png,JPEG,30,10290,25.4756,0.314,38.6211,0.9553,37.7855,38.9215,False,0.001951,0.00211
MCUCXR_0289_1.png,JPEG,50,13689,19.15,0.4178,40.7282,0.9708,39.751,41.0881,False,0.002136,0.001795
MCUCXR_0289_1.png,JPEG,70,18087,14.4935,0.552,42.8361,0.9703,41.5889,43.3169,False,0.002048,0.002143
MCUCXR_0289_1.png,JPEG,90,32911,7.9652,1.0044,47.2325,0.9908,45.0408,48.2389,False,0.002856,0.002452
MCUCXR_0289_1.png,JPEG2000,5,51818,5.0589,1.5814,51.0716,0.9954,50.1614,51.403,False,0.045161,0.027204
MCUCXR_0289_1.png,JPEG2000,10,26204,10.004,0.7997,47.0497,0.9897,44.909,48.0228,False,0.043493,0.017132
MCUCXR_0289_1.png,JPEG2000,20,13101,20.0095,0.3998,43.9931,0.9809,41.3576,45.3183,False,0.044371,0.012722
MCUCXR_0289_1.png,JPEG2000,40,6557,39.9793,0.2001,40.7928,0.9649,38.0523,42.2023,False,0.042439,0.008401
MCUCXR_0289_1.png,JPEG2000,80,3275,80.044,0.0999,36.3494,0.9283,34.7765,36.9919,False,0.04324,0.007747
MCUCXR_0289_1.png,PNG,lossless,89713,2.922,2.7378,inf,1.0,inf,inf,True,0.17568,0.007254
MCUCXR_0294_1.png,JPEG,10,5836,44.9184,0.1781,33.3708,0.8864,32.8147,33.5434,False,0.002291,0.001862
MCUCXR_0294_1.png,JPEG,20,7950,32.9741,0.2426,36.4406,0.9377,35.8851,36.613,False,0.002741,0.002063
MCUCXR_0294_1.png,JPEG,30,9792,26.7712,0.2988,38.4664,0.9534,37.491,38.7902,False,0.002019,0.001694
MCUCXR_0294_1.png,JPEG,50,12885,20.3449,0.3932,40.8188,0.9708,39.3833,41.3334,False,0.002079,0.001839
MCUCXR_0294_1.png,JPEG,70,17029,15.394,0.5197,42.8307,0.9558,41.1237,43.4723,False,0.001974,0.002247
MCUCXR_0294_1.png,JPEG,90,30759,8.5225,0.9387,47.2484,0.9908,44.3404,48.6269,False,0.002149,0.003045
MCUCXR_0294_1.png,JPEG2000,5,51856,5.0552,1.5825,52.0246,0.9962,50.5914,52.5381,False,0.042012,0.027182
MCUCXR_0294_1.png,JPEG2000,10,26188,10.0101,0.7992,47.584,0.9908,45.1308,48.644,False,0.045357,0.018112
MCUCXR_0294_1.png,JPEG2000,20,13124,19.9744,0.4005,44.3647,0.9824,41.1816,45.9662,False,0.040513,0.013212
MCUCXR_0294_1.png,JPEG2000,40,6496,40.3547,0.1982,41.2229,0.9676,37.8915,42.956,False,0.04076,0.009465
MCUCXR_0294_1.png,JPEG2000,80,3263,80.3383,0.0996,37.8578,0.9441,35.1294,39.1038,False,0.042121,0.007723
MCUCXR_0294_1.png,PNG,lossless,82280,3.186,2.511,inf,1.0,inf,inf,True,0.145704,0.006568
MCUCXR_0301_1.png,JPEG,10,5885,44.5444,0.1796,33.3399,0.8626,33.0886,33.4523,False,0.002451,0.003235
MCUCXR_0301_1.png,JPEG,20,8344,31.4171,0.2546,36.8032,0.9275,36.4041,36.9863,False,0.002041,0.002539
MCUCXR_0301_1.png,JPEG,30,10594,24.7446,0.3233,38.7089,0.9507,38.1989,38.9474,False,0.0023,0.002266
MCUCXR_0301_1.png,JPEG,50,14158,18.5156,0.4321,41.0184,0.9689,40.3087,41.3623,False,0.002731,0.002607
MCUCXR_0301_1.png,JPEG,70,19068,13.7478,0.5819,43.0779,0.9785,42.2179,43.5063,False,0.002123,0.002091
MCUCXR_0301_1.png,JPEG,90,35657,7.3518,1.0882,47.1034,0.99,45.58,47.9664,False,0.002463,0.002888
MCUCXR_0301_1.png,JPEG2000,5,52252,5.0169,1.5946,50.0673,0.994,49.5126,50.3288,False,0.052705,0.029099
MCUCXR_0301_1.png,JPEG2000,10,26150,10.0246,0.798,46.3418,0.9876,44.8978,47.1468,False,0.048554,0.017252
MCUCXR_0301_1.png,JPEG2000,20,13106,20.0018,0.4,43.4775,0.9782,41.5562,44.6618,False,0.047055,0.012568
MCUCXR_0301_1.png,JPEG2000,40,6554,39.9976,0.2,40.368,0.9611,38.5982,41.4237,False,0.045063,0.009645
MCUCXR_0301_1.png,JPEG2000,80,3221,81.3859,0.0983,36.9201,0.9278,35.4134,37.7707,False,0.045941,0.008392
MCUCXR_0301_1.png,PNG,lossless,102445,2.5589,3.1264,inf,1.0,inf,inf,True,0.224248,0.01011
MCUCXR_0309_1.png,JPEG,10,5472,47.9064,0.167,33.7911,0.8619,32.9699,33.9741,False,0.001775,0.001388
MCUCXR_0309_1.png,JPEG,20,7168,36.5714,0.2188,36.9893,0.9434,35.9886,37.2184,False,0.002092,0.001831
MCUCXR_0309_1.png,JPEG,30,8702,30.1246,0.2656,38.8411,0.9606,37.6297,39.1274,False,0.002065,0.001758
MCUCXR_0309_1.png,JPEG,50,11219,23.3661,0.3424,41.0807,0.9729,39.5148,41.4717,False,0.001985,0.001896
MCUCXR_0309_1.png,JPEG,70,14645,17.8999,0.4469,42.9688,0.9519,41.2086,43.422,False,0.002246,0.0017
MCUCXR_0309_1.png,JPEG,90,26284,9.9735,0.8021,47.628,0.9923,44.3944,48.7026,False,0.002858,0.003274
MCUCXR_0309_1.png,JPEG2000,5,52388,5.0039,1.5988,56.5627,0.9985,54.3034,57.1941,False,0.038321,0.027902
MCUCXR_0309_1.png,JPEG2000,10,26174,10.0154,0.7988,48.976,0.9931,45.8597,49.9891,False,0.035551,0.017529
MCUCXR_0309_1.png,JPEG2000,20,13007,20.1541,0.3969,45.6204,0.9865,41.7157,47.1015,False,0.038209,0.01307
MCUCXR_0309_1.png,JPEG2000,40,6425,40.8006,0.1961,42.1297,0.9717,38.3107,43.5529,False,0.037389,0.009918
MCUCXR_0309_1.png,JPEG2000,80,3282,79.8732,0.1002,38.6503,0.9506,35.452,39.7061,False,0.040937,0.007895
MCUCXR_0309_1.png,PNG,lossless,70103,3.7394,2.1394,inf,1.0,inf,inf,True,0.127451,0.005251
MCUCXR_0311_1.png,JPEG,10,5570,47.0636,0.17,34.2231,0.8993,33.2144,34.4379,False,0.001673,0.001289
MCUCXR_0311_1.png,JPEG,20,7275,36.0335,0.222,37.2681,0.9417,36.4156,37.4456,False,0.001959,0.00156
MCUCXR_0311_1.png,JPEG,30,8813,29.7451,0.269,39.0801,0.961,38.1237,39.2822,False,0.002064,0.001615
MCUCXR_0311_1.png,JPEG,50,11331,23.1351,0.3458,41.4668,0.9741,40.1101,41.7712,False,0.00218,0.002957
MCUCXR_0311_1.png,JPEG,70,14554,18.0118,0.4442,43.3939,0.949,42.0014,43.7081,False,0.002314,0.001887
MCUCXR_0311_1.png,JPEG,90,25395,10.3227,0.775,48.445,0.9935,45.411,49.3422,False,0.002319,0.002113
MCUCXR_0311_1.png,JPEG2000,5,51961,5.045,1.5857,58.5193,0.9991,56.7879,58.931,False,0.036568,0.02916
MCUCXR_0311_1.png,JPEG2000,10,26140,10.0285,0.7977,50.763,0.9952,47.4183,51.8098,False,0.03401,0.016522
MCUCXR_0311_1.png,JPEG2000,20,13047,20.0923,0.3982,46.2561,0.9878,42.4553,47.5541,False,0.036554,0.011337
MCUCXR_0311_1.png,JPEG2000,40,6484,40.4294,0.1979,42.9216,0.9758,39.0138,44.2848,False,0.033286,0.009484
MCUCXR_0311_1.png,JPEG2000,80,3289,79.7033,0.1004,39.0045,0.9535,35.7435,40.0094,False,0.033084,0.006822
MCUCXR_0311_1.png,PNG,lossless,66580,3.9373,2.0319,inf,1.0,inf,inf,True,0.121215,0.005278
MCUCXR_0313_1.png,JPEG,10,6273,41.7893,0.1914,33.285,0.8612,32.4912,33.6044,False,0.001795,0.001227
MCUCXR_0313_1.png,JPEG,20,8605,30.4641,0.2626,36.6597,0.9286,35.6145,37.0989,False,0.001634,0.001187
MCUCXR_0313_1.png,JPEG,30,10737,24.415,0.3277,38.3438,0.9502,37.3347,38.7651,False,0.001386,0.001178
MCUCXR_0313_1.png,JPEG,50,14192,18.4713,0.4331,40.7881,0.9685,39.3031,41.464,False,0.001463,0.00143
MCUCXR_0313_1.png,JPEG,70,18717,14.0057,0.5712,42.6287,0.9587,41.1389,43.3074,False,0.001456,0.001339
MCUCXR_0313_1.png,JPEG,90,33330,7.8651,1.0172,46.9445,0.9913,44.4926,48.3006,False,0.001635,0.001697
MCUCXR_0313_1.png,JPEG2000,5,52389,5.0038,1.5988,51.3165,0.9962,49.9451,51.9277,False,0.041954,0.026195
MCUCXR_0313_1.png,JPEG2000,10,26059,10.0596,0.7953,46.8437,0.9904,44.5719,48.0526,False,0.042486,0.016668
MCUCXR_0313_1.png,JPEG2000,20,13088,20.0293,0.3994,43.5403,0.9811,40.8222,45.1363,False,0.040555,0.011079
MCUCXR_0313_1.png,JPEG2000,40,6570,39.9002,0.2005,40.1034,0.9611,37.555,41.5432,False,0.043858,0.00789
MCUCXR_0313_1.png,JPEG2000,80,3238,80.9586,0.0988,36.4687,0.9249,34.0543,37.7933,False,0.042199,0.006871
MCUCXR_0313_1.png,PNG,lossless,85916,3.0512,2.6219,inf,1.0,inf,inf,True,0.128981,0.006205
MCUCXR_0316_1.png,JPEG,10,6278,41.756,0.1916,33.0643,0.8707,32.2388,33.4089,False,0.001972,0.001629
MCUCXR_0316_1.png,JPEG,20,8845,29.6375,0.2699,36.4504,0.9326,35.293,36.9628,False,0.002249,0.001891
MCUCXR_0316_1.png,JPEG,30,10893,24.0654,0.3324,38.2549,0.954,37.0622,38.7864,False,0.002095,0.001986
MCUCXR_0316_1.png,JPEG,50,14495,18.0851,0.4424,40.5097,0.9704,39.0734,41.1792,False,0.002019,0.001719
MCUCXR_0316_1.png,JPEG,70,18999,13.7978,0.5798,42.5093,0.9564,40.9141,43.2756,False,0.002165,0.00198
MCUCXR_0316_1.png,JPEG,90,33695,7.7799,1.0283,46.9313,0.9918,44.3643,48.4415,False,0.001668,0.001606
MCUCXR_0316_1.png,JPEG2000,5,52283,5.0139,1.5956,51.5618,0.9965,49.9543,52.3359,False,0.041768,0.028625
MCUCXR_0316_1.png,JPEG2000,10,25838,10.1457,0.7885,46.8757,0.9907,44.3812,48.3194,False,0.042864,0.016735
MCUCXR_0316_1.png,JPEG2000,20,13071,20.0554,0.3989,43.4039,0.981,40.507,45.2458,False,0.043721,0.012525
MCUCXR_0316_1.png,JPEG2000,40,6557,39.9793,0.2001,39.6481,0.9597,36.9057,41.3284,False,0.04459,0.009294
MCUCXR_0316_1.png,JPEG2000,80,3287,79.7517,0.1003,35.945,0.9206,33.4763,37.3655,False,0.043163,0.00803
MCUCXR_0316_1.png,PNG,lossless,84965,3.0853,2.5929,inf,1.0,inf,inf,True,0.115299,0.006174
MCUCXR_0331_1.png,JPEG,10,6132,42.7502,0.1871,33.1112,0.862,32.642,33.3244,False,0.001773,0.001356
MCUCXR_0331_1.png,JPEG,20,8655,30.2882,0.2641,36.2942,0.9221,35.8268,36.5065,False,0.002284,0.002358
MCUCXR_0331_1.png,JPEG,30,10946,23.9488,0.334,38.1339,0.9462,37.4758,38.443,False,0.00294,0.00187
MCUCXR_0331_1.png,JPEG,50,14669,17.8706,0.4477,40.3076,0.9638,39.4156,40.7447,False,0.002105,0.002054
MCUCXR_0331_1.png,JPEG,70,19739,13.2805,0.6024,42.3038,0.976,41.1632,42.8893,False,0.002825,0.001916
MCUCXR_0331_1.png,JPEG,90,37212,7.0446,1.1356,46.084,0.9884,44.4092,47.04,False,0.002303,0.002596
MCUCXR_0331_1.png,JPEG2000,5,52200,5.0219,1.593,49.0921,0.9932,48.1717,49.5454,False,0.052681,0.026523
MCUCXR_0331_1.png,JPEG2000,10,26219,9.9982,0.8001,45.5736,0.9862,43.9199,46.5134,False,0.049866,0.017084
MCUCXR_0331_1.png,JPEG2000,20,13085,20.0339,0.3993,42.6635,0.9754,40.5956,43.9482,False,0.048095,0.011628
MCUCXR_0331_1.png,JPEG2000,40,6524,40.1815,0.1991,39.6294,0.9563,37.5529,40.922,False,0.056479,0.010647
MCUCXR_0331_1.png,JPEG2000,80,3237,80.9836,0.0988,36.4791,0.9244,34.5714,37.6232,False,0.048025,0.006988
MCUCXR_0331_1.png,PNG,lossless,105481,2.4852,3.219,inf,1.0,inf,inf,True,0.163613,0.00728
MCUCXR_0334_1.png,JPEG,10,6621,39.5928,0.2021,32.8794,0.8829,32.0167,33.1773,False,0.001963,0.001425
MCUCXR_0334_1.png,JPEG,20,9198,28.5001,0.2807,36.0342,0.934,35.0527,36.3797,False,0.0019,0.001577
MCUCXR_0334_1.png,JPEG,30,11410,22.9749,0.3482,37.8856,0.9545,36.7257,38.3063,False,0.002052,0.00175
MCUCXR_0334_1.png,JPEG,50,14844,17.6599,0.453,40.0985,0.9703,38.6386,40.6562,False,0.002076,0.002727
MCUCXR_0334_1.png,JPEG,70,19488,13.4516,0.5947,41.974,0.9503,40.434,42.5707,False,0.002005,0.002166
MCUCXR_0334_1.png,JPEG,90,34607,7.5749,1.0561,46.3872,0.9911,43.7945,47.6152,False,0.002565,0.002339
MCUCXR_0334_1.png,JPEG2000,5,51974,5.0438,1.5861,50.8597,0.9959,49.1315,51.5523,False,0.044634,0.027815
MCUCXR_0334_1.png,JPEG2000,10,26076,10.0531,0.7958,46.5056,0.9902,43.8453,47.7835,False,0.042849,0.017852
MCUCXR_0334_1.png,JPEG2000,20,12983,20.1913,0.3962,42.7048,0.9791,39.6205,44.3288,False,0.043324,0.012386
MCUCXR_0334_1.png,JPEG2000,40,6555,39.9915,0.2,39.0622,0.9579,36.2684,40.4425,False,0.044597,0.00875
MCUCXR_0334_1.png,JPEG2000,80,3293,79.6064,0.1005,35.2728,0.9218,33.0385,36.2577,False,0.042798,0.006967
MCUCXR_0334_1.png,PNG,lossless,86810,3.0197,2.6492,inf,1.0,inf,inf,True,0.118438,0.006365
MCUCXR_0338_1.png,JPEG,10,6064,43.2296,0.1851,33.1223,0.8476,32.4948,33.5655,False,0.001793,0.001661
MCUCXR_0338_1.png,JPEG,20,8908,29.4279,0.2719,36.464,0.9173,35.7614,36.9681,False,0.001971,0.002044
MCUCXR_0338_1.png,JPEG,30,11354,23.0883,0.3465,38.2211,0.9428,37.471,38.7647,False,0.002001,0.002058
MCUCXR_0338_1.png,JPEG,50,15450,16.9672,0.4715,40.3659,0.9626,39.4921,41.0163,False,0.002179,0.001893
MCUCXR_0338_1.png,JPEG,70,20965,12.5039,0.6398,42.3881,0.976,41.3351,43.2038,False,0.002217,0.002228
MCUCXR_0338_1.png,JPEG,90,39243,6.68,1.1976,46.2403,0.9888,44.7361,47.5382,False,0.002098,0.002373
MCUCXR_0338_1.png,JPEG2000,5,52314,5.011,1.5965,49.0116,0.9932,48.0762,49.7174,False,0.048462,0.026234
MCUCXR_0338_1.png,JPEG2000,10,26066,10.0569,0.7955,45.3166,0.9855,43.8437,46.5776,False,0.052899,0.020153
MCUCXR_0338_1.png,JPEG2000,20,13083,20.037,0.3993,42.0124,0.9717,40.3897,43.4556,False,0.050557,0.011252
MCUCXR_0338_1.png,JPEG2000,40,6473,40.4981,0.1975,38.7587,0.9488,37.2186,40.0998,False,0.04866,0.009625
MCUCXR_0338_1.png,JPEG2000,80,3119,84.0475,0.0952,35.4706,0.9094,34.1902,36.5164,False,0.049727,0.006769
MCUCXR_0338_1.png,PNG,lossless,109593,2.392,3.3445,inf,1.0,inf,inf,True,0.176278,0.008004
MCUCXR_0348_1.png,JPEG,10,5736,45.7015,0.175,33.5351,0.886,33.1658,33.6128,False,0.001702,0.001663
MCUCXR_0348_1.png,JPEG,20,7818,33.5308,0.2386,36.6016,0.935,36.1863,36.6897,False,0.001856,0.001561
MCUCXR_0348_1.png,JPEG,30,9583,27.3551,0.2924,38.5448,0.957,37.8603,38.6956,False,0.002158,0.002197
MCUCXR_0348_1.png,JPEG,50,12559,20.873,0.3833,40.8803,0.9723,39.86,41.1165,False,0.001923,0.001722
MCUCXR_0348_1.png,JPEG,70,16551,15.8386,0.5051,42.8201,0.9648,41.6132,43.1075,False,0.001955,0.002355
MCUCXR_0348_1.png,JPEG,90,30269,8.6605,0.9237,47.3804,0.9911,44.835,48.1342,False,0.00172,0.001572
MCUCXR_0348_1.png,JPEG2000,5,52213,5.0207,1.5934,52.0027,0.9959,50.8329,52.2797,False,0.041149,0.026364
MCUCXR_0348_1.png,JPEG2000,10,26139,10.0288,0.7977,47.7555,0.9904,45.416,48.4241,False,0.041565,0.017052
MCUCXR_0348_1.png,JPEG2000,20,13073,20.0523,0.399,44.8352,0.9832,41.6151,45.9126,False,0.040451,0.010778
MCUCXR_0348_1.png,JPEG2000,40,6542,40.0709,0.1996,41.5102,0.9694,38.4148,42.522,False,0.040873,0.007825
MCUCXR_0348_1.png,JPEG2000,80,3266,80.2645,0.0997,37.9488,0.9425,35.2827,38.7551,False,0.040166,0.006503
MCUCXR_0348_1.png,PNG,lossless,85258,3.0747,2.6019,inf,1.0,inf,inf,True,0.159046,0.00649
MCUCXR_0350_1.png,JPEG,10,6213,42.1928,0.1896,32.9576,0.8669,32.5571,33.1297,False,0.001347,0.001572
MCUCXR_0350_1.png,JPEG,20,8845,29.6375,0.2699,36.1422,0.9265,35.524,36.4179,False,0.00139,0.001544
MCUCXR_0350_1.png,JPEG,30,11156,23.498,0.3405,37.9878,0.9488,37.1231,38.3907,False,0.00134,0.001274
MCUCXR_0350_1.png,JPEG,50,14946,17.5394,0.4561,40.0924,0.9663,39.0242,40.609,False,0.001757,0.001619
MCUCXR_0350_1.png,JPEG,70,20098,13.0433,0.6133,41.9499,0.967,40.8045,42.5119,False,0.00157,0.001751
MCUCXR_0350_1.png,JPEG,90,37420,7.0055,1.142,45.9166,0.9885,44.1209,46.9181,False,0.001951,0.002718
MCUCXR_0350_1.png,JPEG2000,5,52309,5.0115,1.5963,49.1136,0.9935,47.9097,49.7108,False,0.048086,0.026364
MCUCXR_0350_1.png,JPEG2000,10,26213,10.0005,0.8,45.4002,0.9862,43.6342,46.3791,False,0.047672,0.016407
MCUCXR_0350_1.png,JPEG2000,20,13078,20.0447,0.3991,42.1855,0.9741,40.0137,43.4988,False,0.047228,0.010489
MCUCXR_0350_1.png,JPEG2000,40,6499,40.3361,0.1983,38.9941,0.952,36.7642,40.3601,False,0.047835,0.009044
MCUCXR_0350_1.png,JPEG2000,80,3275,80.044,0.0999,35.9488,0.9191,33.9264,37.1322,False,0.04913,0.007222
MCUCXR_0350_1.png,PNG,lossless,104188,2.5161,3.1796,inf,1.0,inf,inf,True,0.149308,0.008107
MCUCXR_0352_1.png,JPEG,10,5890,44.5066,0.1797,33.6111,0.8959,32.5901,34.0038,False,0.002438,0.001811
MCUCXR_0352_1.png,JPEG,20,8024,32.67,0.2449,37.0111,0.9443,35.8816,37.4536,False,0.001903,0.002196
MCUCXR_0352_1.png,JPEG,30,9859,26.5893,0.3009,39.0537,0.9623,37.679,39.616,False,0.002586,0.002154
MCUCXR_0352_1.png,JPEG,50,12822,20.4449,0.3913,41.4549,0.9759,39.7976,42.1686,False,0.001721,0.001279
MCUCXR_0352_1.png,JPEG,70,16940,15.4749,0.517,43.3897,0.9557,41.7693,44.0827,False,0.001443,0.001499
MCUCXR_0352_1.png,JPEG,90,30025,8.7309,0.9163,48.0432,0.9931,45.4053,49.425,False,0.001753,0.001887
MCUCXR_0352_1.png,JPEG2000,5,51913,5.0497,1.5843,52.8166,0.9971,51.1883,53.514,False,0.044201,0.028533
MCUCXR_0352_1.png,JPEG2000,10,26192,10.0086,0.7993,48.089,0.9924,45.5982,49.3535,False,0.037812,0.017426
MCUCXR_0352_1.png,JPEG2000,20,13019,20.1355,0.3973,44.6899,0.9849,41.6207,46.462,False,0.038805,0.011609
MCUCXR_0352_1.png,JPEG2000,40,6552,40.0098,0.2,41.1992,0.9706,38.0756,43.0261,False,0.041088,0.009811
MCUCXR_0352_1.png,JPEG2000,80,3286,79.776,0.1003,37.1701,0.9407,34.3449,38.7124,False,0.037836,0.008849
MCUCXR_0352_1.png,PNG,lossless,78461,3.3411,2.3944,inf,1.0,inf,inf,True,0.129581,0.005851
MCUCXR_0354_1.png,JPEG,10,5985,43.8002,0.1826,33.5918,0.8563,32.7569,34.1365,False,0.001745,0.001452
MCUCXR_0354_1.png,JPEG,20,8519,30.7717,0.26,36.7853,0.9134,35.8427,37.4141,False,0.001375,0.001205
MCUCXR_0354_1.png,JPEG,30,10785,24.3064,0.3291,38.5879,0.9419,37.5484,39.2955,False,0.001418,0.001209
MCUCXR_0354_1.png,JPEG,50,14542,18.0267,0.4438,40.6759,0.9597,39.4806,41.5176,False,0.001463,0.00132
MCUCXR_0354_1.png,JPEG,70,19680,13.3203,0.6006,42.5955,0.9743,41.2565,43.5691,False,0.001518,0.001468
MCUCXR_0354_1.png,JPEG,90,36854,7.113,1.1247,46.3843,0.9894,44.6602,47.757,False,0.001857,0.002243
MCUCXR_0354_1.png,JPEG2000,5,51979,5.0433,1.5863,49.5405,0.9941,48.3456,50.3817,False,0.046226,0.02524
MCUCXR_0354_1.png,JPEG2000,10,26198,10.0063,0.7995,45.7941,0.9871,44.1455,47.0826,False,0.046306,0.016059
MCUCXR_0354_1.png,JPEG2000,20,13079,20.0431,0.3991,42.6153,0.9755,40.6501,44.2786,False,0.046299,0.01034
MCUCXR_0354_1.png,JPEG2000,40,6543,40.0648,0.1997,39.6159,0.9554,37.6764,41.2465,False,0.046534,0.00764
MCUCXR_0354_1.png,JPEG2000,80,3164,82.8521,0.0966,36.4867,0.9221,34.7598,37.8625,False,0.04763,0.006072
MCUCXR_0354_1.png,PNG,lossless,102149,2.5663,3.1173,inf,1.0,inf,inf,True,0.139492,0.007243
MCUCXR_0362_1.png,JPEG,10,5793,45.2519,0.1768,33.4764,0.8783,33.1952,33.5662,False,0.001925,0.001474
MCUCXR_0362_1.png,JPEG,20,7932,33.0489,0.2421,36.5324,0.9319,36.3111,36.6024,False,0.002425,0.001708
MCUCXR_0362_1.png,JPEG,30,9940,26.3726,0.3033,38.3976,0.9521,37.9838,38.5325,False,0.002086,0.001813
MCUCXR_0362_1.png,JPEG,50,13116,19.9866,0.4003,40.6094,0.9684,39.8933,40.8544,False,0.001988,0.002074
MCUCXR_0362_1.png,JPEG,70,17697,14.8129,0.5401,42.601,0.9624,41.751,42.8983,False,0.002778,0.002772
MCUCXR_0362_1.png,JPEG,90,32698,8.0171,0.9979,47.0064,0.9902,45.1406,47.7855,False,0.001699,0.001715
MCUCXR_0362_1.png,JPEG2000,5,52442,4.9987,1.6004,51.1743,0.9953,50.2488,51.5021,False,0.043099,0.026804
MCUCXR_0362_1.png,JPEG2000,10,26164,10.0193,0.7985,47.0295,0.9895,45.0865,47.8525,False,0.045993,0.018274
MCUCXR_0362_1.png,JPEG2000,20,12953,20.2381,0.3953,43.9062,0.9802,41.3696,45.1139,False,0.042785,0.012818
MCUCXR_0362_1.png,JPEG2000,40,6536,40.1077,0.1995,40.7067,0.9642,38.3359,41.7981,False,0.044563,0.01008
MCUCXR_0362_1.png,JPEG2000,80,3292,79.6306,0.1005,37.267,0.9366,35.4796,38.0026,False,0.045378,0.008332
MCUCXR_0362_1.png,PNG,lossless,89888,2.9163,2.7432,inf,1.0,inf,inf,True,0.160225,0.006105
MCUCXR_0367_1.png,JPEG,10,6193,42.3291,0.189,33.0614,0.8862,32.0211,33.3627,False,0.001376,0.001089
MCUCXR_0367_1.png,JPEG,20,8596,30.496,0.2623,36.1908,0.9339,35.087,36.5138,False,0.001384,0.001174
MCUCXR_0367_1.png,JPEG,30,10663,24.5845,0.3254,38.332,0.9577,36.8597,38.7894,False,0.001819,0.001559
MCUCXR_0367_1.png,JPEG,50,13892,18.8701,0.424,40.5209,0.9722,38.8692,41.0496,False,0.002244,0.001636
MCUCXR_0367_1.png,JPEG,70,18283,14.3381,0.558,42.6343,0.9704,40.8195,43.2315,False,0.002245,0.002042
MCUCXR_0367_1.png,JPEG,90,32379,8.0961,0.9881,47.3065,0.9926,44.4944,48.4169,False,0.002185,0.002274
MCUCXR_0367_1.png,JPEG2000,5,52408,5.002,1.5994,52.4027,0.9968,51.0404,52.8183,False,0.041408,0.026987
MCUCXR_0367_1.png,JPEG2000,10,26162,10.02,0.7984,47.6423,0.9921,45.0511,48.623,False,0.040358,0.018285
MCUCXR_0367_1.png,JPEG2000,20,13120,19.9805,0.4004,44.0264,0.9836,40.7824,45.4234,False,0.044262,0.011439
MCUCXR_0367_1.png,JPEG2000,40,6443,40.6866,0.1966,40.0985,0.9654,36.8925,41.4683,False,0.043,0.007583
MCUCXR_0367_1.png,JPEG2000,80,3273,80.0929,0.0999,36.4918,0.9324,33.4445,37.7524,False,0.041484,0.008175
MCUCXR_0367_1.png,PNG,lossless,85603,3.0623,2.6124,inf,1.0,inf,inf,True,0.17165,0.006121
MCUCXR_0369_1.png,JPEG,10,6210,42.2132,0.1895,33.2115,0.8951,31.6235,33.7754,False,0.001711,0.001437
MCUCXR_0369_1.png,JPEG,20,8577,30.5636,0.2617,36.1626,0.9416,34.7007,36.6704,False,0.001826,0.001562
MCUCXR_0369_1.png,JPEG,30,10698,24.504,0.3265,37.9005,0.9598,36.379,38.4345,False,0.001994,0.001628
MCUCXR_0369_1.png,JPEG,50,14036,18.6765,0.4283,40.1022,0.974,38.3916,40.7226,False,0.001933,0.00164
MCUCXR_0369_1.png,JPEG,70,18467,14.1953,0.5636,41.9552,0.942,40.266,42.5655,False,0.002403,0.00197
MCUCXR_0369_1.png,JPEG,90,32700,8.0166,0.9979,46.7292,0.9922,43.8463,48.036,False,0.002162,0.002086
MCUCXR_0369_1.png,JPEG2000,5,51900,5.0509,1.5839,51.8531,0.9968,50.1182,52.4851,False,0.038807,0.026917
MCUCXR_0369_1.png,JPEG2000,10,26200,10.0055,0.7996,47.0945,0.9917,44.142,48.4522,False,0.040093,0.015756
MCUCXR_0369_1.png,JPEG2000,20,13088,20.0293,0.3994,43.2343,0.9824,39.9571,44.8503,False,0.039219,0.010856
MCUCXR_0369_1.png,JPEG2000,40,6563,39.9427,0.2003,39.4108,0.9627,36.2571,40.9246,False,0.038747,0.008545
MCUCXR_0369_1.png,JPEG2000,80,3292,79.6306,0.1005,35.7242,0.9272,32.7979,37.0626,False,0.040391,0.006319
MCUCXR_0369_1.png,PNG,lossless,81049,3.2344,2.4734,inf,1.0,inf,inf,True,0.0971,0.007757
MCUCXR_0372_1.png,JPEG,10,6256,41.9028,0.1909,32.9544,0.8784,32.4086,33.1203,False,0.001999,0.001735
MCUCXR_0372_1.png,JPEG,20,8534,30.7176,0.2604,36.2115,0.9346,35.4641,36.446,False,0.001431,0.001858
MCUCXR_0372_1.png,JPEG,30,10633,24.6538,0.3245,38.0411,0.9555,37.1631,38.3224,False,0.001437,0.001877
MCUCXR_0372_1.png,JPEG,50,13923,18.8281,0.4249,40.3982,0.971,39.1221,40.8347,False,0.001447,0.001322
MCUCXR_0372_1.png,JPEG,70,18300,14.3248,0.5585,42.423,0.9622,41.0092,42.918,False,0.00153,0.001598
MCUCXR_0372_1.png,JPEG,90,32342,8.1054,0.987,47.1434,0.9924,44.4721,48.3233,False,0.002388,0.002493
MCUCXR_0372_1.png,JPEG2000,5,52383,5.0044,1.5986,52.5466,0.9971,50.9409,53.1276,False,0.047921,0.030493
MCUCXR_0372_1.png,JPEG2000,10,25998,10.0832,0.7934,47.4518,0.9918,44.7985,48.6195,False,0.049239,0.022023
MCUCXR_0372_1.png,JPEG2000,20,13108,19.9988,0.4,43.8433,0.9828,40.6973,45.3781,False,0.039828,0.011172
MCUCXR_0372_1.png,JPEG2000,40,6563,39.9427,0.2003,40.1156,0.964,37.1299,41.5228,False,0.0397,0.009541
MCUCXR_0372_1.png,JPEG2000,80,3280,79.922,0.1001,36.5012,0.9238,33.8685,37.6551,False,0.042909,0.007783
MCUCXR_0372_1.png,PNG,lossless,82034,3.1956,2.5035,inf,1.0,inf,inf,True,0.13978,0.006787
MCUCXR_0375_1.png,JPEG,10,6168,42.5006,0.1882,32.9156,0.8741,32.664,33.0086,False,0.002508,0.002338
MCUCXR_0375_1.png,JPEG,20,8651,30.3022,0.264,36.2429,0.9312,35.7382,36.4373,False,0.001753,0.001448
MCUCXR_0375_1.png,JPEG,30,10718,24.4583,0.3271,38.1259,0.9543,37.4263,38.4043,False,0.002254,0.001851
MCUCXR_0375_1.png,JPEG,50,14066,18.6367,0.4293,40.3219,0.9693,39.3354,40.7343,False,0.002111,0.001829
MCUCXR_0375_1.png,JPEG,70,18549,14.1325,0.5661,42.2405,0.9509,41.0853,42.738,False,0.001991,0.001788
MCUCXR_0375_1.png,JPEG,90,32952,7.9553,1.0056,46.6551,0.9911,44.4215,47.8405,False,0.001762,0.001818
MCUCXR_0375_1.png,JPEG2000,5,51868,5.0541,1.5829,51.3792,0.9963,49.6088,52.2344,False,0.042324,0.028049
MCUCXR_0375_1.png,JPEG2000,10,25923,10.1124,0.7911,46.8593,0.9904,44.4521,48.185,False,0.044218,0.017112
MCUCXR_0375_1.png,JPEG2000,20,13050,20.0877,0.3983,43.4318,0.9804,40.6152,45.1336,False,0.042758,0.012406
MCUCXR_0375_1.png,JPEG2000,40,6524,40.1815,0.1991,39.8521,0.9608,37.3325,41.2745,False,0.042341,0.009318
MCUCXR_0375_1.png,JPEG2000,80,3254,80.5605,0.0993,36.263,0.9252,34.1345,37.368,False,0.041369,0.008209
MCUCXR_0375_1.png,PNG,lossless,82540,3.176,2.5189,inf,1.0,inf,inf,True,0.107539,0.005942
MCUCXR_0383_1.png,JPEG,10,5826,44.9955,0.1778,33.2582,0.895,32.6577,33.4556,False,0.001873,0.001429
MCUCXR_0383_1.png,JPEG,20,7964,32.9161,0.243,36.649,0.9389,35.8735,36.9111,False,0.001909,0.002792
MCUCXR_0383_1.png,JPEG,30,9727,26.9501,0.2968,38.4414,0.9598,37.6617,38.7051,False,0.002952,0.001781
MCUCXR_0383_1.png,JPEG,50,12764,20.5378,0.3895,40.923,0.9741,39.6897,41.3728,False,0.002639,0.001964
MCUCXR_0383_1.png,JPEG,70,16719,15.6794,0.5102,42.9121,0.9466,41.5651,43.4131,False,0.001996,0.001709
MCUCXR_0383_1.png,JPEG,90,29386,8.9207,0.8968,47.7715,0.993,45.0537,49.0827,False,0.002529,0.002185
MCUCXR_0383_1.png,JPEG2000,5,52392,5.0035,1.5989,53.5307,0.9975,51.4659,54.4053,False,0.038423,0.027171
MCUCXR_0383_1.png,JPEG2000,10,25890,10.1253,0.7901,48.1899,0.9925,45.429,49.5341,False,0.042698,0.018103
MCUCXR_0383_1.png,JPEG2000,20,13044,20.0969,0.3981,44.7782,0.9847,41.4302,46.6363,False,0.039963,0.01218
MCUCXR_0383_1.png,JPEG2000,40,6562,39.9488,0.2003,41.3293,0.97,37.9831,43.1856,False,0.039992,0.010083
MCUCXR_0383_1.png,JPEG2000,80,3273,80.0929,0.0999,37.5416,0.9416,34.5904,39.0385,False,0.037291,0.008299
MCUCXR_0383_1.png,PNG,lossless,75413,3.4761,2.3014,inf,1.0,inf,inf,True,0.131718,0.006675
MCUCXR_0387_1.png,JPEG,10,6388,41.0369,0.1949,32.5623,0.8617,32.2706,32.7003,False,0.001763,0.00137
MCUCXR_0387_1.png,JPEG,20,9282,28.2422,0.2833,35.7785,0.9232,35.2696,36.0286,False,0.002067,0.001774
MCUCXR_0387_1.png,JPEG,30,11619,22.5617,0.3546,37.513,0.9458,36.8953,37.8226,False,0.001916,0.001688
MCUCXR_0387_1.png,JPEG,50,15762,16.6314,0.481,39.8186,0.9646,38.7487,40.4024,False,0.002737,0.002284
MCUCXR_0387_1.png,JPEG,70,21117,12.4139,0.6444,41.8398,0.9695,40.5337,42.5865,False,0.002164,0.002302
MCUCXR_0387_1.png,JPEG,90,38792,6.7577,1.1838,45.78,0.9884,43.7732,47.114,False,0.002538,0.00256
MCUCXR_0387_1.png,JPEG2000,5,52180,5.0238,1.5924,49.1615,0.9937,47.7931,49.9539,False,0.050223,0.02618
MCUCXR_0387_1.png,JPEG2000,10,26053,10.062,0.7951,45.0463,0.9853,43.0474,46.3727,False,0.047869,0.015801
MCUCXR_0387_1.png,JPEG2000,20,13118,19.9835,0.4003,41.6988,0.9709,39.4685,43.2617,False,0.04949,0.010664
MCUCXR_0387_1.png,JPEG2000,40,6564,39.9366,0.2003,38.4631,0.9453,36.1699,40.0949,False,0.049346,0.00797
MCUCXR_0387_1.png,JPEG2000,80,3262,80.363,0.0995,35.1362,0.9033,33.3695,36.2489,False,0.047061,0.006304
MCUCXR_0387_1.png,PNG,lossless,103960,2.5216,3.1726,inf,1.0,inf,inf,True,0.124636,0.007271
MCUCXR_0390_1.png,JPEG,10,5964,43.9544,0.182,33.4329,0.8783,32.953,33.6187,False,0.001333,0.001078
MCUCXR_0390_1.png,JPEG,20,8310,31.5456,0.2536,36.6259,0.9339,36.0986,36.8316,False,0.001344,0.001087
MCUCXR_0390_1.png,JPEG,30,10246,25.585,0.3127,38.4666,0.9554,37.8227,38.7228,False,0.001408,0.001193
MCUCXR_0390_1.png,JPEG,50,13791,19.0083,0.4209,40.5736,0.9701,39.7167,40.9273,False,0.001534,0.00141
MCUCXR_0390_1.png,JPEG,70,18479,14.186,0.5639,42.7086,0.9693,41.5699,43.2024,False,0.001604,0.001392
MCUCXR_0390_1.png,JPEG,90,33982,7.7142,1.037,47.057,0.9909,44.9356,48.1685,False,0.001684,0.001923
MCUCXR_0390_1.png,JPEG2000,5,52342,5.0083,1.5974,50.9127,0.9954,49.8775,51.3534,False,0.04363,0.027433
MCUCXR_0390_1.png,JPEG2000,10,26124,10.0346,0.7972,46.8295,0.9895,44.7713,47.8939,False,0.043354,0.016182
MCUCXR_0390_1.png,JPEG2000,20,13094,20.0202,0.3996,43.717,0.9805,41.2199,45.1352,False,0.043486,0.012626
MCUCXR_0390_1.png,JPEG2000,40,6550,40.022,0.1999,40.5117,0.9644,38.0073,41.9364,False,0.203965,0.041895
MCUCXR_0390_1.png,JPEG2000,80,3284,79.8246,0.1002,37.0192,0.9334,34.9782,38.0709,False,0.043287,0.007451
MCUCXR_0390_1.png,PNG,lossless,93405,2.8065,2.8505,inf,1.0,inf,inf,True,0.176498,0.006962
MCUCXR_0393_1.png,JPEG,10,6099,42.9815,0.1861,33.0189,0.8866,32.1779,33.3523,False,0.001816,0.002084
MCUCXR_0393_1.png,JPEG,20,8513,30.7934,0.2598,36.3107,0.9384,35.355,36.6971,False,0.002007,0.00167
MCUCXR_0393_1.png,JPEG,30,10637,24.6445,0.3246,38.2796,0.9579,37.1815,38.7348,False,0.002051,0.001888
MCUCXR_0393_1.png,JPEG,50,14069,18.6327,0.4294,40.674,0.9734,39.1771,41.3409,False,0.001972,0.001735
MCUCXR_0393_1.png,JPEG,70,18417,14.2338,0.562,42.61,0.955,41.0979,43.2856,False,0.002184,0.001948
MCUCXR_0393_1.png,JPEG,90,32694,8.0181,0.9977,47.1947,0.9925,44.5197,48.7095,False,0.002305,0.002405
MCUCXR_0393_1.png,JPEG2000,5,52162,5.0256,1.5919,52.0337,0.9968,50.3113,52.8344,False,0.043106,0.026739
MCUCXR_0393_1.png,JPEG2000,10,26170,10.017,0.7986,47.2284,0.9915,44.5393,48.7561,False,0.041657,0.017041
MCUCXR_0393_1.png,JPEG2000,20,13118,19.9835,0.4003,43.2884,0.9755,40.6447,44.775,False,0.041244,0.010662
MCUCXR_0393_1.png,JPEG2000,40,6492,40.3795,0.1981,39.8611,0.963,36.9824,41.5694,False,0.040811,0.007687
MCUCXR_0393_1.png,JPEG2000,80,3249,80.6845,0.0992,36.115,0.9308,33.6039,37.4863,False,0.040223,0.006116
MCUCXR_0393_1.png,PNG,lossless,83103,3.1544,2.5361,inf,1.0,inf,inf,True,0.11408,0.005897
MCUCXR_0399_1.png,JPEG,10,5517,47.5157,0.1684,33.8311,0.8989,32.9022,34.1088,False,0.001325,0.001383
MCUCXR_0399_1.png,JPEG,20,7469,35.0976,0.2279,36.9095,0.9438,36.1235,37.1393,False,0.00132,0.001186
MCUCXR_0399_1.png,JPEG,30,9202,28.4877,0.2808,38.8815,0.9622,37.8846,39.1829,False,0.001539,0.001101
MCUCXR_0399_1.png,JPEG,50,11890,22.0474,0.3629,41.1872,0.9763,39.9172,41.5884,False,0.001398,0.001197
MCUCXR_0399_1.png,JPEG,70,15546,16.8625,0.4744,43.2204,0.9601,41.8544,43.6589,False,0.001468,0.001261
MCUCXR_0399_1.png,JPEG,90,27616,9.4925,0.8428,48.1361,0.9927,45.4383,49.2359,False,0.001629,0.001492
MCUCXR_0399_1.png,JPEG2000,5,52331,5.0093,1.597,55.2496,0.9979,54.1464,55.5888,False,0.035428,0.026527
MCUCXR_0399_1.png,JPEG2000,10,26053,10.062,0.7951,48.9211,0.9928,46.1599,50.0608,False,0.038098,0.02379
MCUCXR_0399_1.png,JPEG2000,20,13020,20.1339,0.3973,45.6342,0.9865,42.1772,47.2841,False,0.039039,0.013498
MCUCXR_0399_1.png,JPEG2000,40,6535,40.1138,0.1994,42.2459,0.9741,38.6672,44.0009,False,0.037301,0.008764
MCUCXR_0399_1.png,JPEG2000,80,3287,79.7517,0.1003,38.6494,0.9518,35.4476,40.0954,False,0.038297,0.006973
MCUCXR_0399_1.png,PNG,lossless,75171,3.4873,2.294,inf,1.0,inf,inf,True,0.158058,0.006106
